銘柄コード,銘柄名,週傾き,週切片,月傾き,月切片,3ヶ月傾き,3ヶ月切片,年傾き,年切片
A.US,AGILENT TECHNOLOGIES,0.83485714285714,130.2995238095238,0.16318796992481166,130.17071428571433,-0.4556090252071215,154.8168817204301,0.043515084387992585,141.74223158869847
AAL.US,AMERICAN AIRLINES GROUP,0.5834285714285716,13.718095238095234,-0.16724812030075195,17.413857142857147,-0.0533945254463499,18.764178187404,-0.02888957155175411,23.702011116257538
AAPL.US,APPLE,0.8442857142857146,154.41761904761904,-0.5738496240601503,167.01657142857144,-0.29264360001007267,177.67708141321046,0.20469888160050667,122.44291431218153
ABBV.US,ABBVIE,2.052857142857146,148.34285714285713,0.5490827067669174,144.20471428571432,0.37393316713253244,129.36665130568355,0.1562528245582881,99.135096433534
ABNB.US,AIRBNB,1.8865714285714295,144.0652380952381,-1.2159924812030076,164.36542857142857,-0.2625635214424215,166.9481874039938,0.0115527830004742,160.631761926818
ABT.US,ABBOTT LABORATORIES,1.1240000000000012,114.64,-0.07202255639097747,119.32671428571426,-0.39273979501901246,139.04130568356373,0.05212961644151603,115.81591848077811
ACN.US,ACCENTURE,2.8331428571428594,307.86047619047616,-0.3373759398496251,318.2835714285714,-1.739334944977462,402.57632872503837,0.3615787319191469,279.30552663270055
ACWI.US,ISHARES MSCI ACWI ETF,0.9082857142857128,92.32761904761907,-0.22570676691729336,97.97371428571428,-0.19539548236005144,106.37714285714284,0.014229346773411073,99.43398369615566
ADBE.US,ADOBE,3.303714285714289,420.96904761904767,-1.4285187969924804,459.06942857142855,-2.3490098461383497,571.448187403994,0.06257001942415873,555.565483094025
ADI.US,ANALOG DEVICES,2.4465714285714277,146.11190476190475,-0.5245939849624065,160.73614285714285,-0.3789912115031101,174.86665130568363,0.04852240552004938,159.740025937934
ADM.US,ARCHER-DANIELS-MIDLAND,-0.25314285714285634,83.71952380952379,0.4535112781954887,76.12114285714284,0.31236231774571266,64.60391705069125,0.06744059704115686,56.35581565539601
ADP.US,AUTOMATIC DATA PROCESSING,1.237999999999997,207.30333333333334,0.7298496240601502,198.75342857142851,-0.7189531867744453,239.43823348694318,0.14657285707224277,189.70766743862887
ADSK.US,AUTODESK,2.845714285714288,191.1157142857143,-1.3237894736842108,220.59599999999992,-1.5127476014202619,287.13912442396315,-0.2165468752002373,308.07117183881417
AEE.US,AMEREN,0.22171428571428667,87.35238095238094,0.2461879699248117,84.27071428571429,-0.020748910881116106,87.72639016897081,0.024227483811675363,81.52031384900425
AEP.US,AMERICAN ELECTRIC POWER,-0.15114285714285772,95.77619047619046,0.6431954887218048,85.89814285714286,0.09190728009871314,87.04956989247307,0.02387783613772296,82.82015451597962
AFL.US,AFLAC,0.6599999999999993,59.60666666666666,-0.05049624060150393,61.452714285714286,0.04676059530105004,60.072995391705064,0.04017079748895606,51.10953978693843
AFRM.US,AFFIRM HOLDINGS,0.30314285714285755,31.25380952380952,-0.40157894736842115,39.912,-1.2507448817707945,99.67691244239634,0.067405086163811,74.95494951366369
AGG.US,ISHARES CORE US AGGREGATE BOND ETF,-0.13714285714285745,108.23285714285714,-0.12469924812030068,110.36914285714286,-0.10530986376570721,114.42904761904761,-0.014851796048163132,115.75764983788793
AIG.US,AMERICAN INT GROUP,0.8345714285714286,56.375238095238096,-0.21604511278195496,61.40442857142857,0.0428745183954068,57.685391705069115,0.06050365946758396,45.94454691987031
AKAM.US,AKAMAI TECHNOLOGIES,1.2397142857142869,107.62238095238096,0.6038045112781957,102.04985714285715,-0.1490380499106041,116.44259600614437,0.006735937623002902,110.38481333950901
ALB.US,ALBEMARLE,1.8608571428571434,181.84619047619046,-0.30599999999999994,189.686,-0.9022824909974565,241.44413210445472,0.3421712438235386,162.3310856878185
ALGN.US,ALIGN TECHNOLOGY,1.4151428571428613,404.0804761904762,-6.564879699248119,521.7528571428571,-3.374939941074261,622.2524423963134,-0.2711237049797978,638.3857313571094
ALL.US,ALLSTATE,1.4465714285714273,122.50190476190475,0.19981203007518758,122.47928571428572,0.15127974616604967,117.2316129032258,-0.027582239618327193,128.30419268179716
AMAT.US,APPLIED MATERIALS,1.711428571428572,121.65809523809524,-0.48091729323308247,133.4717142857143,-0.5767044395759361,158.32835637480798,0.05240725193005838,130.74339601667438
AMC.US,AMC ENTERTAINMENT HOLDINGS,0.08907428571428555,14.460514285714286,-0.2111004511278195,18.461914285714286,-0.2200890735564452,26.39351029185867,-0.003097730723673529,30.168158999536825
AMD.US,ADVANCED MICRO DEVICES,1.8991428571428575,103.48380952380954,-0.46855639097744384,116.15328571428572,-0.6603432298355622,144.0732104454685,0.2518629141364305,75.72973506252895
AME.US,AMETEK,1.1502857142857124,126.31095238095239,0.13209022556390995,127.76514285714286,-0.30869381279746166,145.29580645161292,0.02016773978583997,131.73067068087084
AMGN.US,AMGEN,1.5817142857142885,226.72904761904758,0.6768796992481201,221.47014285714283,0.06715116718289646,225.3493087557604,-0.11971551387976072,243.7111384900417
AMP.US,AMERIPRISE FINANCIAL,6.016857142857138,266.9528571428572,-1.0588421052631576,295.784,-0.4709775628918939,315.6682027649769,0.3125780893291615,233.8680055581286
AMZN.US,AMAZON.COM,45.91971428571434,2858.215714285714,-5.59443609022557,3015.520142857143,-7.958259172521467,3348.3419047619045,-0.8030853363162203,3415.862696618804
ANET.US,ARISTA NETWORKS,1.2628571428571438,118.08619047619048,-0.17352631578947358,122.60699999999999,-0.3584973936692604,138.0549769585253,0.24601637853859296,71.40907772116715
ANSS.US,ANSYS,2.5828571428571423,294.5028571428572,-0.5009323308270685,313.1158571428571,-1.7595225504268337,394.15930875576043,0.005448518656163157,354.6271403427511
ANTM.US,ANTHEM,1.448285714285716,465.2842857142857,1.5183759398496242,444.6614285714285,0.19843469063987293,447.03612903225803,0.40551684556054535,352.60601667438624
AON.US,AON,4.702285714285712,291.4542857142857,1.244285714285714,280.66928571428576,0.08911938757523104,284.09895545314896,0.2891469370792728,234.95692820750338
APD.US,AIR PRODUCTS AND CHEMICALS,0.7085714285714322,221.7352380952381,-1.0682330827067665,240.12971428571424,-1.59957241066707,315.0263133640553,-0.0947803971608873,292.28893283927744
APH.US,AMPHENOL,0.4274285714285729,72.91809523809523,-0.09446616541353388,75.66542857142858,-0.21279443982775556,85.43732718894009,0.06798277712379655,65.66709995368228
APTV.US,APTIV,2.4385714285714277,103.36523809523811,-2.0157593984962405,137.9677142857143,-1.001368386593135,170.30657450076805,-0.01485464468069136,153.44997869383965
ASML.US,ASML HOLDING,13.848285714285712,576.2542857142857,-2.647030075187969,650.6162857142856,-3.3582440633577573,788.9327342549924,0.3089954652552874,683.2030578971753
ATVI.US,ACTIVISION BLIZZARD,-0.3768571428571424,80.63714285714286,-0.10048120300751873,81.64357142857142,0.3302744831406915,65.45646697388634,-0.11230599439427211,95.79729884205652
AVGO.US,BROADCOM,5.356285714285705,575.9309523809524,0.9147067669172915,574.6692857142858,-1.2333421470121628,637.705806451613,0.7377383908155403,423.86538490041687
AWK.US,AMERICAN WATER WORKS,1.066000000000001,151.91000000000003,0.4637669172932334,148.44771428571426,-0.5978766588602655,180.61781874039943,0.0533141862266054,157.8641806391848
AXP.US,AMERICAN EXPRESS,3.663714285714287,166.49238095238093,-1.2394210526315788,191.85099999999997,0.3409664828385082,165.83890937019967,0.12376006312393933,150.68072996757755
AZN.US,ASTRAZENECA,0.5660000000000007,60.016666666666666,0.05963909774436079,59.727428571428575,0.05644531741834755,57.05196620583717,0.02931758334904719,53.44830995831401
AZO.US,AUTOZONE,21.519999999999996,1852.7633333333333,3.71509022556391,1839.0561428571427,-3.2953315202336877,2060.50906298003,2.7414233825863596,1343.1271468272344
BA.US,BOEING,2.9085714285714297,174.27190476190475,-1.6373233082706775,205.36557142857143,-0.37055626904384176,213.65906298003074,-0.21960410598524052,249.53204539138468
BABA.US,ALIBABA GROUP HOLDING,2.601714285714287,83.41238095238096,-1.6033383458646613,117.22571428571428,-0.4681765757598649,130.33293394777263,-0.579060094063457,244.61610189902734
BAC.US,BANK OF AMERICA,0.5574285714285712,40.194761904761904,-0.2643308270676693,45.09914285714285,-0.06793457732114526,47.38345622119816,0.03171741748393985,38.61917582213989
BAX.US,BAXTER INT,0.26599999999999924,77.81666666666668,-0.3874962406015038,86.0747142857143,-0.08373851074009721,87.41725038402456,0.004172380713512874,81.20522139879576
BBY.US,BEST BUY,0.5814285714285721,96.06142857142855,0.27015037593984986,95.75857142857143,-0.029025710760242775,100.24850998463906,-0.06741891924053554,119.31168226030569
BDX.US,BECTON DICKINSON AND,1.2562857142857151,255.34761904761905,-0.5190977443609023,271.0524285714286,0.2837181133690918,252.98611367127495,0.07814425870562973,240.15380639184826
BIDU.US,BAIDU,4.43457142857143,117.15523809523808,-1.8349999999999997,162.28399999999996,-0.059677419354838744,151.99193548387092,-0.3027544958414725,209.98364057434
BIIB.US,BIOGEN,1.5874285714285747,195.4680952380952,-0.6286917293233079,211.28657142857145,-0.7399113595729142,244.53181259600626,-0.41387804337757017,331.3830134321445
BILL.US,BILL.COM HOLDINGS,1.730571428571429,187.0985714285714,-2.4933308270676684,233.0381428571429,-0.3564574047493139,222.64195084485402,0.4015700615311949,165.65040296433534
BIO.US,BIO-RAD LABORATORIES,7.826857142857141,530.2128571428572,-3.276631578947368,608.156,-3.0465017249628565,723.3526574500763,0.20543319535650917,651.411480314961
BIV.US,VANGUARD INTERMEDIATE-TERM BOND ETF,-0.17857142857142694,83.29142857142858,-0.10269172932330822,84.94757142857142,-0.08491450731535347,88.06827956989245,-0.016144069773189537,90.3714767948124
BK.US,BANK OF NEW YORK MELLON,0.5228571428571421,49.60952380952381,-0.27192481203007535,54.941285714285705,-0.1477666137845937,62.31494623655913,0.050285169718816546,47.14096146364054
BKNG.US,BOOKING HOLDINGS,36.835714285714275,1989.8223809523806,-27.668669172932326,2440.0208571428575,-4.662933192314473,2494.200107526882,0.13605706784908114,2305.357127373785
BKR.US,BAKER HUGHES,-0.6537142857142866,37.44428571428571,0.4673233082706765,27.82042857142857,0.17788874619123166,22.83536098310292,0.03356937756646962,20.019308383510882
BLK.US,BLACKROCK,10.314285714285704,684.4609523809526,-2.75821052631579,746.4460000000001,-4.060974792878548,931.4176344086019,0.01100862461943496,854.3344955998148
BLV.US,VANGUARD LONG-TERM BOND ETF,-0.015142857142858393,91.08285714285715,-0.22643609022556385,95.51214285714285,-0.20856211125380875,103.77259600614438,-0.004746013287516004,101.41187068087079
BMY.US,BRISTOL-MYERS SQUIBB,0.38314285714285623,68.45380952380954,0.11644360902255631,67.49128571428571,0.1412772279720984,61.1842703533026,-0.0013134290322521678,63.542314126910625
BND.US,VANGUARD TOTAL BOND MARKET ETF,-0.10685714285714393,80.27047619047619,-0.09751879699248109,81.93842857142857,-0.08226788547253916,85.10046082949307,-0.010341324760584891,85.92013033811952
BNDX.US,VANGUARD TOTAL INT BOND ETF,-0.05457142857142868,52.91142857142857,-0.047278195488721954,53.79014285714287,-0.053919442975497965,55.92220430107527,-0.01271634064226045,58.04706197313571
BNTX.US,BIONTECH SE,6.185428571428571,134.32809523809522,-0.17116541353383466,147.94657142857145,-2.0593991589232203,245.35038402457752,0.1011944411389404,221.7935488652153
BOTZ.US,GLOBAL X ROBOTICS & ARTIFICIAL INTELLIGENCE ETF,0.3234285714285716,26.371428571428574,-0.1131353383458647,29.16428571428571,-0.1562264863639797,35.61506912442396,-0.011690879799057906,35.84141991662807
BRO.US,BROWN & BROWN,1.1194285714285712,62.258095238095244,-0.06382706766917302,66.37485714285715,-0.04499131223086802,68.0594930875576,0.09083626807169917,47.03113728578043
BSV.US,VANGUARD SHORT-TERM BOND ETF,-0.08257142857142899,78.80809523809525,-0.05080451127819531,79.57814285714284,-0.039963486187706176,81.0790476190476,-0.010639027364081228,82.68999444187122
BSX.US,BOSTON SCIENTIFIC,0.5579999999999998,41.28,-0.04978947368421044,43.575,0.011410692251517224,42.70439324116745,0.006351978206862722,41.87281333950901
BTI.US,BRITISH AMERICAN TOBACCO,0.13028571428571434,40.147619047619045,-0.3935413533834587,46.43614285714286,0.09242073984538285,38.94213517665131,0.016538823236493257,35.79789004168596
BX.US,BLACKSTONE,0.46600000000000086,113.39666666666665,-0.6823533834586466,125.91385714285713,-0.09934073682355006,125.46827956989249,0.22719723082161802,83.35530226956924
BYND.US,BEYOND MEAT,1.1248571428571432,38.37952380952381,-0.6213759398496241,51.20857142857143,-0.47625746014958065,72.27811059907835,-0.402088796416142,153.30732329782307
C.US,CITIGROUP,0.5957142857142853,53.922380952380955,-0.529669172932331,63.48385714285714,-0.083257032056609,64.91579109062981,-0.049604762122707195,74.41040398332562
CAG.US,CONAGRA BRANDS,0.34314285714285697,30.463809523809527,-0.29778947368421066,36.32700000000001,-0.020416005640754447,34.90043010752688,-0.014853912018263466,36.24214191755442
CAH.US,CARDINAL HEALTH,0.7148571428571425,52.08619047619048,0.010721804511278205,53.50514285714285,0.05173528745183953,50.91046082949308,-0.03425040065760205,57.80480166743861
CARR.US,CARRIER GLOBAL,0.8511428571428565,42.72714285714286,0.03406015037593984,44.32342857142858,-0.17615320691999697,53.414608294930865,0.025679241414283845,46.30146178786476
CAT.US,CATERPILLAR,1.5528571428571418,212.16952380952378,1.905127819548872,182.03328571428568,-0.18691420513207935,212.40652841781878,-0.11809875747628734,226.49874478925418
CB.US,CHUBB,2.2305714285714293,200.72523809523807,0.2385037593984959,201.5447142857143,0.27168769358615996,191.1478801843318,0.19343531901572053,155.70031403427515
CBRE.US,CBRE GROUP,0.7491428571428576,86.86714285714285,-0.6946917293233085,99.30857142857143,-0.2910271713127346,108.66665130568359,0.08998711890843908,82.56863733209816
CCL.US,CARNIVAL,0.423142857142857,17.027142857142863,-0.23981954887218057,21.22528571428571,-0.04304600740349021,21.720645161290317,-0.0382225338549724,28.371213524779986
CDAY.US,CERIDIAN HCM HOLDING,0.5571428571428553,61.35714285714286,-0.42188721804511253,70.63542857142858,-0.7126393190803555,101.42195084485405,-0.022747934466805952,99.615487725799
CDNS.US,CADENCE DESIGN SYSTEMS,1.128571428571427,143.8252380952381,0.38663909774436084,143.6394285714286,-0.6902568557830326,178.47847926267278,0.1527192302833804,132.56111579434926
CDW.US,CDW CORP/DE,1.3522857142857139,168.08761904761906,-0.38697744360902275,176.26628571428571,-0.5997335750799528,204.84219662058376,0.08174862099456817,172.28793330245497
CFG.US,CITIZENS FINANCIAL GROUP,0.6457142857142858,47.00238095238095,-0.2820526315789473,52.45099999999999,0.013613356500717683,50.70866359447005,0.03140054299769143,43.06247698008336
CHTR.US,CHARTER COMMUNICATIONS,3.4022857142857155,559.2409523809524,-1.8729398496240628,592.7464285714284,-1.329390093424996,641.3759139784947,-0.3453517713331636,721.9755423807318
CI.US,CIGNA,2.9539999999999957,225.1933333333333,0.3320451127819545,229.56357142857144,0.06294150235451126,229.4639938556068,-0.10064470266024934,240.39403520148218
CL.US,COLGATE-PALMOLIVE,0.34628571428571403,73.69095238095238,-0.25327067669172937,78.84557142857142,-0.17230062199390597,85.89887864823348,-0.0024575753304029186,79.55725335803606
CLF.US,CLEVELAND-CLIFFS,0.17999999999999972,25.616666666666664,0.44714285714285706,19.182142857142857,0.06354964619374984,19.185929339477727,0.011100381343287674,19.711628531727655
CLOU.US,GLOBAL X CLOUD COMPUTING ETF,0.17828571428571413,19.044285714285714,-0.07912781954887219,20.910714285714285,-0.13005200070509432,26.85521505376345,-0.015666294416057793,29.0821208893006
CLX.US,CLOROX,0.11742857142857506,130.74809523809526,-1.0991353383458642,151.2692857142857,-0.8576266022009015,185.14809523809524,-0.13038841726974315,186.15086706808697
CMCSA.US,COMCAST,0.27571428571428463,44.91571428571429,-0.050751879699248235,46.71214285714286,-0.08677948175568483,51.237741935483875,-0.03813476265362202,58.60866558591939
CME.US,CME GROUP,4.062285714285712,223.80761904761906,-0.20054887218045106,237.3907142857143,0.23355921533076465,224.84273425499234,0.1324564659015391,197.97169800833717
CMG.US,CHIPOTLE MEXICAN GRILL,20.921999999999993,1452.4199999999996,-0.12280451127819064,1472.297142857143,-4.0081466092518445,1654.9415360983107,0.5433965439277073,1555.0656127836953
CMI.US,CUMMINS,2.047428571428572,194.78142857142856,-0.8051954887218051,210.7758571428571,-0.3988411271436126,229.37562211981572,-0.19573759993555778,259.703680407596
CNC.US,CENTENE,0.8388571428571444,83.34285714285714,0.23375939849624053,81.4662857142857,0.05997104076956005,79.88846390168969,0.07104024517279446,62.74340898564152
COF.US,CAPITAL ONE FINANCIAL,1.725428571428575,129.63809523809525,-1.322398496240602,152.88128571428575,-0.18552189569640642,152.96422427035333,0.01221868929950371,151.02957202408527
COIN.US,COINBASE GLOBAL,1.7591428571428587,160.93714285714287,-1.3097744360902255,187.75785714285712,-1.5785117473747836,254.08751152073728,-0.23485111006315476,277.92332455824027
COP.US,CONOCOPHILLIPS,-0.4777142857142861,98.42428571428572,0.5076315789473682,90.33000000000001,0.46969278033794165,72.61356374807987,0.17786830347090127,44.526584807781404
COST.US,COSTCO WHOLESALE,4.711428571428567,525.6680952380951,2.011225563909776,504.94985714285707,-0.38217521593513115,535.4450537634408,0.8487818617534468,346.17417322834626
CPB.US,CAMPBELL SOUP,0.18514285714285725,42.15714285714285,-0.1351353383458646,45.23528571428571,-0.0018516280123895181,44.13373271889401,-0.02212867177931519,47.04974154701248
CPRT.US,COPART,2.643714285714285,113.48571428571427,-0.17951879699248105,121.41242857142856,-0.5376746997053713,146.66101382488483,0.05968117467646233,127.27976053728564
CRM.US,SALESFORCE.COM,2.2094285714285684,195.02476190476196,0.05466917293233083,200.84314285714285,-0.9836760595301048,251.43695852534563,0.03543461967277339,240.67606391848068
CRWD.US,CROWDSTRIKE HOLDINGS,1.9551428571428549,186.2971428571429,1.0133909774436087,172.0562857142857,-0.3145828611719674,194.1321966205837,-0.10022324601310444,237.38345715609066
CSCO.US,CISCO SYSTEMS INC/DELAWARE,0.34450000000000053,54.3575,-0.031328947368421005,55.83925000000001,-0.14610013598247334,62.15109447004609,0.030375066593192935,51.234705650764276
CSX.US,CSX,0.2848571428571424,34.30285714285715,0.06872932330827053,34.17657142857144,-0.04000151091637078,36.537788018433176,0.015988663687441305,31.591855303381198
CTAS.US,CINTAS,5.506857142857145,366.2795238095238,0.6813458646616548,368.8397142857143,-1.0760874820578679,426.13244239631325,0.27452483674369815,352.7638286243632
CTRA.US,COTERRA ENERGY,-0.4037142857142857,25.46428571428571,0.12153383458646613,23.15942857142857,0.09889199466142883,19.2031490015361,0.03354592797499941,14.543660583603522
CTSH.US,COGNIZANT TECHNOLOGY SOLUTIONS,0.5814285714285704,87.14476190476192,0.19598496240601498,85.48214285714288,0.016949711666792554,86.6009370199693,0.06283558776845527,70.42708161185732
CVNA.US,CARVANA,4.823999999999999,107.52333333333333,-0.8176315789473686,131.7,-1.9823872478658306,221.41410138248847,-0.5487896826777144,331.66854840203786
CVS.US,CVS HEALTH,1.023142857142858,103.22380952380954,0.25466917293233093,101.51714285714284,0.03298053436075642,103.3558678955453,0.1302577441246955,72.40448198239935
CVX.US,CHEVRON,-2.8545714285714276,171.2814285714286,2.009541353383459,133.74185714285719,0.7950587998287628,111.33006144393242,0.17372816832562282,90.21715442334411
CWB.US,SPDR BLOOMBERG CONVERTIBLE SECURITIES ETF,0.2648571428571431,72.61952380952381,-0.13875187969924827,75.68114285714285,-0.15889098738384833,82.30746543778801,-0.030084237505652412,87.26529383974068
CZR.US,CAESARS ENTERTAINMENT,0.7791428571428578,74.41047619047619,-0.3695413533834588,82.34814285714285,-0.2370751177255673,89.73450076804919,-0.06174364504134727,103.29179157017134
D.US,DOMINION ENERGY,-0.06857142857142792,81.88142857142856,0.21006015037593967,78.54042857142858,0.057239555790587,77.67806451612904,0.016186194750534115,74.41012746641961
DAL.US,DELTA AIR LINES,1.1534285714285715,31.38809523809524,-0.5325864661654136,41.884571428571434,-0.05739971292588955,40.80230414746545,-0.03985008430560922,46.98426401111624
DASH.US,DOORDASH,1.328571428571428,83.18523809523809,-0.8740075187969923,101.50357142857142,-1.1970945078189925,150.77783410138252,-0.10339266275742498,173.00161278369603
DD.US,DUPONT DE NEMOURS,0.6865714285714294,71.32190476190476,-0.3522255639097744,78.10214285714284,-0.11910377477273303,81.71185867895545,-0.005517750678747116,77.39767262621588
DDOG.US,DATADOG,0.1640000000000027,129.06666666666666,-2.189067669172932,166.17714285714285,-0.4016965072649893,163.10609831029183,0.3704415709952089,83.53063733209811
DE.US,DEERE,3.736285714285712,381.377619047619,2.209909774436091,351.22685714285706,0.4543791392813073,356.80804915514597,0.010973921098737335,359.62518480778107
DELL.US,DELL TECHNOLOGIES,-0.17371428571428588,51.980952380952374,-0.36118045112781966,56.390714285714296,-0.08700712648888219,58.900814132104465,0.04188802054823361,47.19269689671143
DFS.US,DISCOVER FINANCIAL SERVICES,2.1334285714285732,104.01476190476191,-0.9079849624060151,122.48385714285713,-0.10731686434489184,121.11219662058373,0.041257543841662934,112.3262750347383
DG.US,DOLLAR GENERAL,3.0194285714285694,203.95142857142858,1.1748195488721802,192.26071428571427,-0.5193863161340688,228.46886328725037,0.023047901330399283,212.78180268642902
DHI.US,DR HORTON,0.2720000000000007,80.34333333333332,-0.11050375939849628,83.70128571428573,-0.4590262143990328,104.85981566820273,-0.005139501342848304,93.05123353404359
DHR.US,DANAHER,3.945428571428572,260.7047619047619,0.09647368421052606,268.79100000000005,-0.9551474402558487,316.46844854070673,0.2333486480895306,255.07045113478463
DIA.US,SPDR DOW JONES INDUSTRIAL AVERAGE ETF TRUST,3.052571428571428,328.2352380952381,-0.13942105263157917,337.0629999999999,-0.5180970008310042,364.5088940092167,0.054115234142581785,340.39288744789246
DIS.US,WALT DISNEY,1.5282857142857145,130.55095238095237,-1.1015639097744365,151.9708571428571,-0.275445090780892,155.0878494623656,-0.18991620699818942,192.19660490968053
DKNG.US,DRAFTKINGS,0.41571428571428576,16.025714285714287,-0.24561654135338343,21.792857142857144,-0.1724504545340082,27.958125960061444,-0.1691196114435939,64.9968198239926
DLTR.US,DOLLAR TREE,1.3497142857142828,147.48904761904762,0.8692406015037597,135.9247142857143,0.17879806602704543,132.88972350230412,0.15718947983164508,95.05596387216316
DOCU.US,DOCUSIGN,-0.14914285714285588,81.90619047619047,-2.1698721804511276,120.92928571428571,-1.1102346956762605,156.86167434715819,-0.48378771829294415,279.4787132931914
DOW.US,DOW,0.16657142857142893,60.11190476190475,0.02706766917293232,59.39185714285713,0.07438467930800036,56.70433179723503,-0.03043114199774086,64.54775599814724
DRI.US,DARDEN RESTAURANTS,0.07371428571428526,127.82571428571428,-1.1429398496240601,145.11142857142855,-0.27077887738913653,148.65940092165903,0.010010457190874868,141.6115905511811
DUK.US,DUKE ENERGY,0.04085714285714305,106.19619047619048,0.5338045112781953,97.78585714285715,-0.00553826395709,103.27423963133641,0.028012226784834855,97.02075646132471
DUST.US,DIREXION DAILY GOLD MINERS INDEX BEAR 2X SHARES,0.16342857142857145,12.21142857142857,-0.19375939849624063,15.559714285714286,-0.14660320817909395,22.174301075268822,-0.0027838060000695726,19.339986104678104
DVN.US,DEVON ENERGY,-0.9562857142857139,58.20571428571428,0.08424812030075186,55.86314285714287,0.2690347762584674,42.979278033794166,0.14678975554119436,16.974918758684574
DVY.US,ISHARES SELECT DIVIDEND ETF,0.5493571428571422,123.31702380952379,0.1569342105263159,122.14325,0.03069823222784613,122.86713133640558,0.040508179749444824,113.45879597035665
DXC.US,DXC TECHNOLOGY,0.5634285714285714,29.868095238095243,-0.2651578947368421,34.824,0.006741960665810477,32.677434715821796,-0.011466917600191863,36.04969893469198
DXCM.US,DEXCOM,11.272000000000006,390.2966666666666,2.040511278195489,390.5621428571429,-2.4096404019037547,522.1783870967744,0.49867745094988,407.13446780917087
EA.US,ELECTRONIC ARTS,0.3914285714285719,121.51476190476191,-0.41910526315789515,130.031,-0.14018231724207386,135.23620583717357,-0.051365952250621114,143.30995831403422
EBAY.US,EBAY,0.9294285714285717,50.82476190476191,-0.11941353383458636,55.395428571428575,-0.23801893681851374,66.7784485407066,-0.005692377344950002,66.75495581287629
ECL.US,ECOLAB,2.4134285714285704,160.06809523809522,-0.7827894736842109,177.37500000000003,-1.3254453426002872,236.91769585253456,-0.0865213876282205,224.71034923575723
ED.US,CONSOLIDATED EDISON,0.12800000000000092,89.41,0.40899248120300746,83.43157142857143,0.08023066656593891,82.73683563748084,0.05252989544639866,71.22195247799911
EDV.US,VANGUARD EXTENDED DURATION TREASURY ETF,-0.5662857142857145,123.20904761904762,-0.3906090225563909,129.79028571428572,-0.297695600715167,140.61149001536094,0.0236030314869093,131.0696511625753
EEM.US,ISHARES MSCI EMERGING MARKETS ETF,0.38285714285714345,42.18619047619048,-0.3335112781954887,48.45185714285716,-0.08408803606053739,50.27436251920122,-0.03196423025591924,55.29846725335803
EFA.US,ISHARES MSCI EAFE ETF,0.8674285714285705,68.2947619047619,-0.2835864661654135,74.26257142857143,-0.1548973835964846,80.21195084485406,-0.011396207803715305,79.65715572024087
EIX.US,EDISON INT,0.2348571428571412,65.04619047619049,0.3794812030075189,60.08642857142857,-0.05858175316662894,65.64642089093701,0.0393588749732254,54.80253144974527
EL.US,ESTEE LAUDER COS,0.6757142857142786,263.33571428571423,-2.3238571428571437,304.09914285714285,-1.6456772682632015,364.73525345622136,0.07993402010519432,307.6156692913386
EMB.US,ISHARES JP MORGAN USD EMERGING MARKETS BOND ETF,0.5268571428571424,94.71619047619049,-0.366736842105263,101.08899999999998,-0.23388141824683345,110.37443164362516,-0.03688266782857677,113.47906299212598
EMLC.US,VANECK J. P. MORGAN EM LOCAL CURRENCY BOND ETF,0.07457142857142866,26.245238095238097,-0.1541804511278195,28.64371428571428,-0.03370501876054494,29.209293394777262,-0.01576382236689143,31.871922742010188
EMR.US,EMERSON ELECTRIC,0.18171428571428652,93.2057142857143,0.11475187969924827,91.63885714285715,0.003889350557779945,93.50992319508445,0.005447558615740341,94.03382084298286
ENPH.US,ENPHASE ENERGY,1.0305714285714291,169.11190476190473,2.0381804511278196,141.2652857142857,-0.18001838281584454,161.4433026113671,0.11601526471595144,154.87993515516436
EOG.US,EOG RESOURCES,-0.6585714285714285,117.83142857142857,0.34385714285714286,111.40385714285713,0.5279003298834076,89.93597542242705,0.1671841897233202,64.31628661417322
EPAM.US,EPAM SYSTEMS,19.198000000000004,183.48,-11.812917293233086,388.18971428571433,-7.956854775754828,694.8166513056834,0.10250904843590707,514.3405187586845
EPP.US,ISHARES MSCI PACIFIC EX JAPAN ETF,0.39857142857142824,45.388571428571424,-0.05459398496240589,47.01514285714286,-0.024365289214575304,47.70943164362521,-0.022767870134577747,52.83157257989811
ETN.US,EATON,1.5291428571428598,146.49047619047622,-0.10719548872180461,151.61385714285717,-0.4119725013220517,171.45000000000005,0.09767700974137117,142.64157480314955
ETSY.US,ETSY,1.9322857142857166,124.65428571428572,-0.04844360902255603,138.34871428571424,-1.5606524640527821,209.7739324116743,-0.06822595367859884,206.08810282538204
EW.US,EDWARDS LIFESCIENCES,1.6354285714285717,102.5647619047619,-0.07183458646616524,108.71242857142859,-0.38039737100551485,126.07147465437785,0.11587614306872411,93.30194349235758
EWG.US,ISHARES MSCI GERMANY ETF,0.5011428571428572,26.50714285714286,-0.19103759398496237,30.11385714285714,-0.1032013799702853,34.26780337941628,-0.017093835712991123,35.5596812413154
EWJ.US,ISHARES MSCI JAPAN ETF,0.5134285714285708,58.48809523809524,-0.24080451127819555,63.52114285714285,-0.13428395154994835,68.36098310291857,-0.018475322164594573,69.91651801760074
EWT.US,ISHARES MSCI TAIWAN ETF,0.2728571428571428,60.31952380952381,-0.2658646616541351,65.10171428571428,-0.08571604845005164,67.32127496159755,0.015356329877505142,61.46518017600742
EWW.US,ISHARES MSCI MEXICO ETF,0.44171428571428617,48.62571428571428,-0.018022556390977326,49.71371428571429,-0.007688801591498588,49.86079877112135,0.015753670909713368,46.21654645669293
EWY.US,ISHARES MSCI SOUTH KOREA ETF,0.742,66.69,-0.2646466165413534,72.89514285714286,-0.1714164840976052,78.97304147465435,-0.09534319980520918,95.4644187123669
EWZ.US,ISHARES MSCI BRAZIL ETF,-0.11657142857142883,33.4147619047619,0.004714285714285714,33.270714285714284,0.1264704993578606,27.007327188940092,-0.03135284451336168,37.85965057897177
EXC.US,EXELON,-0.03257142857142879,43.658095238095235,0.15257067669172927,41.341228571428566,0.08426410818161213,38.59813824884793,0.053888256713783826,28.58603316350161
EXPE.US,EXPEDIA GROUP,3.3074285714285705,176.86142857142858,-1.3717969924812035,201.09657142857145,0.2264370073783082,177.70915514592937,0.06374542818278849,161.94411672070405
F.US,FORD MOTOR,0.09114285714285703,15.993809523809524,-0.0915563909774436,17.735285714285716,-0.11524716073631988,23.070844854070643,0.035255199761271415,11.416083371931443
FANG.US,DIAMONDBACK ENERGY,-0.41828571428571226,130.0490476190476,-0.12009022556390993,132.95985714285717,0.4377066807685529,111.27268817204298,0.24842922447993215,65.55717554423342
FAS.US,DIREXION DAILY FINANCIAL BULL 3X SHARES,4.052,97.95,-1.0064962406015037,121.78271428571426,-0.4684797663116013,141.43476190476196,0.1284056013342437,103.62530560444651
FAST.US,FASTENAL,0.5900000000000002,53.83,0.3275714285714285,50.01057142857143,-0.19219787968069296,62.53639016897081,0.03339595003542482,50.40106586382583
FAZ.US,DIREXION DAILY FINANCIAL BEAR 3X SHARES,-0.8125714285714284,22.564761904761905,0.08692481203007524,19.626714285714282,0.03559139784946236,17.918494623655917,-0.05790067682483657,30.766187586845753
FB.US,META PLATFORMS,3.3317142857142836,187.16238095238097,-0.6923383458646615,206.9447142857143,-3.1364778021203183,364.4927342549923,-0.2485730657766826,350.1676424270494
FCX.US,FREEPORT-MCMORAN,0.07514285714285762,46.22047619047619,0.19196240601503764,44.305857142857135,0.11585933368588051,39.20483870967744,0.02679394866969228,34.925648170449264
FDX.US,FEDEX,2.4891428571428555,212.74714285714288,-0.102563909774436,218.16285714285718,-0.8617496411573622,265.50820276497694,-0.3069067914987724,300.99961463640574
FE.US,FIRSTENERGY,-0.006571428571428888,44.07809523809524,0.2427293233082707,40.26157142857143,0.043095112185540525,40.37866359447005,0.029909472435452646,34.35713283927741
FEZ.US,SPDR EURO STOXX 50 ETF,0.677142857142857,38.08714285714286,-0.25198496240601514,42.99985714285714,-0.13170154365289213,48.20496159754224,-0.009981110417463804,47.38938999536822
FIS.US,FIDELITY NATIONAL INFORMATION SERVICES,1.3031428571428572,88.74047619047619,-0.2625187969924812,95.40442857142855,-0.41537155951751414,119.028509984639,-0.23087931574235623,155.88001296896704
FISV.US,FISERV,1.110285714285715,93.38761904761905,0.11054135338345887,94.94885714285714,-0.22121351766513053,108.5445929339478,-0.09301233003861031,120.83460305697092
FITB.US,FIFTH THIRD BANCORP,0.622571428571429,44.171904761904756,-0.14669172932330823,47.29557142857143,0.02484928609201482,45.46580645161292,0.04173612216166538,36.30482149143122
FOX.US,FOX,0.19485714285714267,36.112857142857145,-0.09703759398496234,38.69085714285713,0.06695751806804158,34.675053763440864,0.004875975006727971,35.37588994905051
FOXA.US,FOX,0.21428571428571488,39.23095238095238,-0.1368571428571428,42.58314285714285,0.08288585026818765,37.4742396313364,0.014154514515027642,36.66158777211673
FTNT.US,FORTINET,4.1917142857142915,277.1323809523809,-1.6599774436090224,321.7192857142857,-0.6694948502933693,334.5033026113671,0.5858377451132956,205.20951736915248
FTV.US,FORTIVE,0.932857142857143,55.542857142857144,-0.42150375939849627,64.94628571428571,-0.30181335146432975,76.8783717357911,-0.01257643031193991,73.07397748957851
GD.US,GENERAL DYNAMICS,-1.0077142857142876,235.4809523809524,1.007338345864662,221.12728571428573,0.5439832791921634,199.9130261136713,0.16805139987587583,177.1971672070403
GDX.US,VANECK GOLD MINERS ETF/USA,-0.27771428571428486,38.28428571428571,0.22709774436090213,34.171571428571426,0.12108559341240463,29.157695852534562,-0.014395403376252001,35.34940435386752
GDXJ.US,VANECK JUNIOR GOLD MINERS ETF,-0.2700000000000001,47.49666666666666,0.28123308270676706,42.66228571428571,0.1065238850696281,38.69956989247312,-0.03644560594771038,49.35584159333021
GE.US,GENERAL ELECTRIC,0.8045714285714288,91.0952380952381,-0.1351052631578948,93.977,-0.06749464883785351,97.75084485407064,-0.05326598428858329,108.84368244557666
GILD.US,GILEAD SCIENCES,0.18514285714285725,57.79714285714285,-0.1859172932330826,61.77771428571428,-0.2882302132910277,74.84408602150539,0.0024134976850283822,66.88469254284388
GIS.US,GENERAL MILLS,0.06999999999999927,62.67333333333334,-0.31466917293233093,68.72285714285715,-0.04807987711213518,68.70804915514596,0.03506011932767878,57.750741361741525
GLD.US,SPDR GOLD SHARES,-1.3200000000000045,185.56333333333333,0.36990225563909734,177.75442857142855,0.28344816297751246,164.870153609831,0.028422494677121428,165.74427883279301
GLDM.US,SPDR GOLD MINISHARES TRUST,-0.2802857142857145,39.49904761904761,0.0795639097744361,37.82714285714286,0.060609906575004424,35.079139784946236,0.006348217865466186,35.206871699861075
GLW.US,CORNING,0.18400000000000116,36.416666666666664,-0.2870375939849622,41.54985714285714,0.04078013648611219,37.6126574500768,-0.022005834570608934,42.60951366373321
GM.US,GENERAL MOTORS,0.49542857142857133,41.06476190476191,-0.37505263157894747,47.83,-0.33009669864772984,61.95294930875576,-0.028896396553081426,59.28082723483095
GME.US,GAMESTOP,-2.2074285714285713,93.61190476190478,-2.3094736842105266,129.518,-0.843365818035305,145.32330261136715,-0.30126897425429355,209.32076146364062
GNRC.US,GENERAC HOLDINGS,3.304285714285714,285.58428571428567,-0.0070375939849639125,302.6748571428571,-0.7738689531867745,329.3328417818739,-0.0654928884877531,378.1827244094487
GOLD.US,BARRICK GOLD,-0.11828571428571451,24.285714285714285,0.0862255639097744,22.805857142857143,0.11415728639419806,17.095944700460826,-0.007290120773963929,21.469822325150517
GOOG.US,ALPHABET,12.77771428571432,2594.4490476190476,-0.2555187969924721,2635.151428571429,-4.686861826697892,2879.053963133642,2.3636576185358846,2357.459870310328
GOOGL.US,ALPHABET,11.728285714285747,2585.907619047619,-1.188082706766916,2639.7482857142854,-4.694274886051722,2877.0887711213513,2.5665488890150057,2307.5773923112556
GPC.US,GENUINE PARTS,1.3720000000000008,121.1033333333333,0.04579699248120314,122.66742857142857,-0.3087963032912795,140.0994162826421,0.04554398079919154,121.24317461787855
GPN.US,GLOBAL PAYMENTS,1.5048571428571438,125.68619047619049,-0.47113533834586485,135.6912857142857,-0.15951751403893127,144.01399385560674,-0.366221255997964,212.1863983325613
GPS.US,GAP,0.2982857142857145,13.89095238095238,0.02922556390977445,14.123857142857139,-0.06969504671249778,18.506666666666668,-0.08377609528639195,35.489400463177404
GRMN.US,GARMIN,0.9605714285714307,109.00190476190477,-0.037255639097744125,111.67542857142858,-0.47687265493188286,137.46542242703532,-0.07478016648755922,151.46272255673927
GS.US,GOLDMAN SACHS GROUP,3.208857142857143,324.4895238095238,-0.8266842105263164,343.441,-1.0844342877288409,393.57895545314886,0.08117994533408256,362.99691801760065
GSK.US,GLAXOSMITHKLINE,0.4757142857142855,40.31238095238095,-0.08312781954887204,42.43471428571428,-0.0551144519150865,45.21953917050691,0.03199588046727824,36.28150930986571
HAL.US,HALLIBURTON,-0.6311428571428572,37.64619047619047,0.2656015037593985,31.610285714285713,0.23510488277807162,22.76010752688172,0.04238312569682566,18.59763696155628
HAS.US,HASBRO,0.42914285714285827,87.25047619047618,-0.547736842105263,97.487,-0.18457656568708922,101.4108755760369,0.0035203609488362983,94.9946152848541
HCA.US,HCA HEALTHCARE,0.08971428571428858,265.7790476190477,1.3454360902255647,244.6918571428572,0.12681146281886638,246.2346697388633,0.25630816125896394,200.25437980546548
HD.US,HOME DEPOT,4.132571428571431,314.48523809523806,-0.1113984962406005,324.4082857142857,-1.6091594268590566,409.2362980030723,0.2937778762309444,304.17946086150965
HDV.US,ISHARES CORE HIGH DIVIDEND ETF,0.15028571428571322,104.04428571428572,0.15990225563909796,102.22442857142856,0.06993553423484683,100.55454685099843,0.037666712191085396,93.03168846688287
HES.US,HESS,-0.1594285714285714,95.71857142857142,-0.005481203007518941,96.92157142857143,0.4092052579889704,77.25359447004607,0.06851300430040991,72.172482908754
HIG.US,HARTFORD FINANCIAL SERVICES GROUP,0.7531428571428571,66.36380952380952,-0.10887969924812038,69.51685714285713,-0.02103749590793482,70.56035330261136,0.029026435163402756,64.0496087077351
HLT.US,HILTON WORLDWIDE HOLDINGS,2.0211428571428542,140.35380952380953,-0.2875864661654134,146.7985714285714,-0.1295698924731184,151.37107526881724,0.1261790867166947,118.45929041222786
HOG.US,HARLEY-DAVIDSON,0.1268571428571438,38.31952380952381,-0.18915037593984962,41.48642857142857,0.06563042985570751,36.108433179723484,-0.031584382683389874,44.383207874015774
HON.US,HONEYWELL INT,1.967714285714285,181.84238095238095,0.25608270676691747,182.82971428571426,-0.5222570572385484,213.8454531490015,-0.12004453825973449,230.15823251505316
HPE.US,HEWLETT PACKARD ENTERPRISE,0.07542857142857144,16.35142857142857,-0.015563909774436039,16.61585714285714,0.009338722268389115,16.233072196620583,0.004624299421302867,14.766616674386285
HPQ.US,HP,-0.2565714285714279,35.9247619047619,-0.001428571428571449,35.41757142857144,-0.047983430283800456,38.25655913978495,0.02697480461419886,28.687226586382575
HSY.US,HERSHEY,0.37114285714285905,205.36714285714285,0.3205563909774435,202.27971428571428,0.3124836946941653,189.995376344086,0.17147804118068125,157.77243723946262
HUBS.US,HUBSPOT,7.711428571428571,406.86142857142863,-5.600834586466164,522.4114285714285,-3.012038729822971,606.0263748079876,0.3118602998387118,561.3432153774895
HUM.US,HUMANA,3.0565714285714227,427.8819047619048,0.860751879699248,422.2088571428571,-0.055093550905290625,423.7535791090628,-0.031449529225029124,433.0043103288559
HYG.US,ISHARES IBOXX HIGH YIELD CORPORATE BOND ETF,0.18885714285714364,80.68619047619048,-0.12166917293233076,83.45185714285715,-0.10287628113117275,87.5180491551459,-0.011374164953398498,87.72457202408519
IAU.US,ISHARES GOLD TRUST,-0.2671428571428568,37.78619047619048,0.07528571428571426,36.19828571428572,0.057891012565787846,33.56642089093701,0.005977156017553139,33.70869291338583
IBB.US,ISHARES BIOTECHNOLOGY ETF,1.3025714285714287,119.9052380952381,-0.10060150375939855,124.77071428571426,-0.5501933972954597,150.8017050691244,-0.10097366479503937,165.560373320982
IBM.US,INT BUSINESS MACHINES,0.8282857142857154,123.41095238095238,0.17369172932330823,122.97942857142856,-0.15815164563974715,135.37491551459294,-0.04658876254743907,139.1745020842983
ICE.US,INTERCONTINENTAL EXCHANGE,1.1434285714285706,126.7447619047619,0.3600601503759396,124.86442857142855,-0.11175719573921587,132.7329493087558,0.08866097428358537,111.46025289485877
ICLN.US,ISHARES GLOBAL CLEAN ENERGY ETF,0.025714285714285266,20.582380952380955,0.15499248120300746,18.37757142857142,-0.012867971091133438,19.93989247311828,-0.013845450700899074,23.87011486799443
IDXX.US,IDEXX LABORATORIES,2.7488571428571453,502.97285714285715,0.8979248120300757,505.17371428571425,-2.0501740072020347,604.2783717357909,0.0033396188764013407,591.9697035664661
IEF.US,ISHARES 7-10Y TREASURY BOND ETF,-0.40057142857142924,110.5247619047619,-0.10850375939849616,112.0182857142857,-0.08482888872100927,114.87566820276501,-0.010111103991563945,115.80043260768876
IEMG.US,ISHARES CORE MSCI EMERGING MARKETS ETF,0.456,52.019999999999996,-0.3766691729323308,59.13785714285714,-0.09780564579083882,61.33791090629801,-0.034744027666153435,66.90627698008336
IEV.US,ISHARES EUROPE ETF,0.7314285714285719,46.20809523809524,-0.2249624060150375,50.94514285714286,-0.1181433355997079,55.57901689708142,-0.0012675766668436394,53.22250986567857
IFF.US,INT FLAVORS & FRAGRANCES,1.461142857142857,117.66380952380953,-0.9697067669172931,136.1667142857143,-0.43497242577623335,148.68133640552995,-0.027614544868708436,145.4451690597499
IGIB.US,ISHARES 5-10Y INVESTMENT GRADE CORPORATE BOND ETF,-0.025714285714286283,55.12095238095238,-0.09954887218045096,56.92771428571427,-0.07161038503185518,59.61701996927802,-0.010997119512583597,60.69485215377488
IGSB.US,ISHARES TRUST ISHARES 1-5Y INVESTMENT GRADE CORPORATE BOND ETF,-0.017714285714286047,51.91761904761905,-0.05544360902255642,52.871714285714276,-0.03435206869633099,54.117496159754246,-0.008039318818000577,55.186009263547945
IJH.US,ISHARES CORE S&P MID-CAP ETF,2.1768571428571493,254.92619047619047,-0.07281954887218021,261.12228571428574,-0.3742451713630981,278.87141321044544,0.019830242737909367,267.20316720704034
IJR.US,ISHARES CORE S&P SMALL-CAP ETF,0.6191428571428572,104.7004761904762,0.04000751879699252,105.67842857142858,-0.15003399561834252,113.13926267281106,-0.0014124091266085315,110.73922093561838
ILF.US,ISHARES LATIN AMERICA 40 ETF,-0.03342857142857178,27.00857142857143,0.0309097744360902,26.591857142857144,0.08025106393694444,22.886052227342542,-0.02179664095696477,30.22492468735526
ILMN.US,ILLUMINA,5.295857142857137,303.98452380952386,-0.061703007518797336,321.5269285714285,-1.3630332905240363,394.1763056835638,-0.3747632962120144,455.9458050023158
INCY.US,INCYTE,0.21428571428571347,73.10761904761905,0.38590225563909764,66.85942857142857,-0.06707008133766469,74.04208909370205,-0.06770179430895946,83.53199351551643
INTC.US,INTEL,0.1488571428571439,45.5395238095238,-0.0017669172932330197,46.71928571428571,-0.1313228072826169,53.76889400921658,-0.05113823190724738,60.026092635479415
INTU.US,INTUIT,5.076857142857141,435.2495238095238,-2.5027593984962406,489.3027142857142,-3.240437913928131,637.0612596006144,0.7053406477526744,431.9198805002317
IQV.US,IQVIA HOLDINGS,1.5828571428571439,212.7361904761905,-0.7940075187969928,230.73857142857142,-1.0188527108357888,275.7846850998464,0.12086442449750762,228.00734321445105
ISRG.US,INTUITIVE SURGICAL,1.566571428571425,270.0852380952381,-0.7340601503759387,290.7275714285714,-1.3430223363803486,343.66443932411664,0.1728516605733511,289.24788698471525
ITW.US,ILLINOIS TOOL WORKS,1.3311428571428572,204.34380952380957,-0.5616766917293232,216.6664285714286,-0.736517841404145,251.09185867895545,0.01864460013877012,224.62925335803592
IVV.US,ISHARES CORE S&P 500 ETF,3.8242857142857147,419.88761904761895,-0.3057593984962415,434.2587142857143,-0.8525025811488,476.15342549923196,0.21122856980705823,412.19761741547
IWM.US,ISHARES RUSSELL 2000 ETF,1.27571428571429,195.50904761904764,-0.013203007518796567,199.09342857142857,-0.4256309334944977,219.17029185867895,-0.07034048115527058,228.23748031496058
IXC.US,ISHARES GLOBAL ENERGY ETF,-0.32257142857142856,35.37142857142857,0.11230075187969911,33.04914285714286,0.1335917000327366,27.732549923195066,0.035437966266771884,23.09575081056044
IXG.US,ISHARES GLOBAL FINANCIALS ETF,1.0759999999999987,74.11666666666666,-0.28389473684210553,80.263,-0.06983707285135099,82.72357910906295,0.02203241216563809,76.36370301065308
IXN.US,ISHARES GLOBAL TECH ETF,0.571142857142857,52.22714285714286,-0.1579323308270678,56.23985714285715,-0.1869461861952608,64.42508448540708,0.030961785484789305,53.62644437239462
IYR.US,ISHARES US REAL ESTATE ETF,0.40342857142857114,102.52809523809525,0.16051127819548847,101.07014285714284,-0.21463574324494475,113.18477726574497,0.05200289733023089,97.71310986567863
JCI.US,JOHNSON CONTROLS INT,0.8682857142857155,60.077619047619045,-0.1826842105263156,65.02999999999999,-0.35433758908111096,81.72890937019966,0.04306033938271087,64.41790643816583
JD.US,JD.COM,2.811285714285714,45.54595238095238,-1.2882593984962407,76.06521428571429,-0.1545016494170381,73.88609062980031,-0.025922570652860428,78.19522880963413
JNJ.US,JOHNSON & JOHNSON,1.5902857142857174,169.05095238095234,0.7408345864661657,160.81557142857142,-0.015865125531968484,169.5054992319509,0.01814589904929635,164.00832329782307
JNK.US,SPDR BLOOMBERG HIGH YIELD BOND ETF,0.20828571428571488,100.50095238095237,-0.1658947368421053,104.10199999999998,-0.13237793054821081,109.27913978494624,-0.014577898932128954,109.54878925428439
JPM.US,JPMORGAN CHASE,2.065428571428572,128.4947619047619,-1.0752857142857146,149.2037142857143,-0.46760091662259823,164.6002150537634,-0.006917296288905532,157.0305104214914
KDP.US,KEURIG DR PEPPER,0.1499999999999992,36.900000000000006,-0.05461654135338338,38.395857142857146,0.02553599758253383,36.87631336405531,0.011916729125436855,34.140565261695194
KEY.US,KEYCORP,0.291428571428571,22.941428571428574,-0.10996240601503764,25.071142857142856,0.0021543149253355517,24.68768049155146,0.021119071008939515,19.542886336266783
KEYS.US,KEYSIGHT TECHNOLOGIES,2.359999999999998,143.62666666666667,-0.6792105263157896,160.126,-0.9879972803505325,203.5829493087558,0.16874261067285207,144.41898100972674
KHC.US,KRAFT HEINZ,0.06157142857142901,37.48690476190476,-0.09454511278195485,39.650928571428565,0.04803618644708014,35.46513824884793,-0.021219755156738865,40.71449587772117
KLAC.US,KLA,6.161714285714288,319.4190476190476,-1.4359097744360894,355.1341428571428,-1.7460041298380806,435.6807066052227,0.3748467065890187,302.41929319129235
KMB.US,KIMBERLY-CLARK,0.6099999999999994,118.51666666666668,-0.7878120300751877,134.09471428571428,-0.36594470046082944,146.09986175115205,0.007264587799577822,132.8621713756369
KMI.US,KINDER MORGAN,-0.22057142857142895,18.271428571428576,0.06850375939849619,16.98971428571429,0.03162020598826523,16.19155145929339,0.0015049168202963216,16.683765817508114
KMX.US,CARMAX,0.761428571428572,98.99142857142857,-0.28450375939849626,105.8172857142857,-0.5021049583238902,127.65210445468509,-0.04701137073048385,133.46536359425656
KO.US,COCA-COLA,0.4785714285714286,57.72190476190476,-0.21590977443609016,62.84014285714286,0.02953715595175141,59.448632872503836,0.03327797637246054,51.743847799907364
KR.US,KROGER,-0.2594285714285724,56.521904761904764,0.762541353383459,44.45385714285715,0.15125053511621467,43.07443932411676,0.05435614716958335,34.86334108383512
LABD.US,DIREXION DAILY S&P BIOTECH BEAR 3X SHARES,-0.9785714285714283,47.31142857142857,0.18856390977443616,41.97114285714285,0.3570287829568634,26.554654377880176,0.07248871256821798,16.687658175081076
LABU.US,DIREXION DAILY S&P BIOTECH BULL 3X SHARES,0.12714285714285717,13.537142857142856,-0.1670601503759399,16.56757142857143,-0.4411762483946515,35.98119815668203,-0.2524713388389811,84.29884483557204
LCID.US,LUCID GROUP,0.13514285714285676,22.81714285714286,-0.21043609022556387,26.560142857142857,-0.34581853894386944,42.296497695852544,0.06295271562921645,20.128627142195462
LEN.US,LENNAR,0.42142857142857265,85.95809523809523,-0.08633834586466153,88.50171428571427,-0.49841781874039925,112.56319508448546,-0.007341619509837485,101.4133054191756
LHX.US,L3HARRIS TECHNOLOGIES,-1.0788571428571434,253.43714285714287,1.9054736842105262,227.48499999999999,0.7503208179093954,203.13860215053768,0.0853691853386962,210.5620185270959
LIN.US,LINDE,5.985714285714282,277.9690476190476,-0.10438345864661658,290.83614285714276,-1.0901495807207076,346.0171428571428,0.14983743388737641,285.7389504400185
LIT.US,GLOBAL X LITHIUM & BATTERY TECH ETF,0.6928571428571421,67.9395238095238,-0.3804736842105263,75.90700000000001,-0.2563143713328801,85.6614592933948,0.08811020180254729,66.01872088930061
LLY.US,ELI LILLY,3.8379999999999996,263.52666666666664,2.2293308270676686,236.3648571428571,-0.13750119614212708,259.0133026113671,0.30414609310781054,196.00717276516897
LMT.US,LOCKHEED MARTIN,-3.64942857142858,446.86523809523817,2.9506165413533845,401.58014285714285,1.756496436755559,336.56282642089104,0.04816806565768446,363.0265428439092
LNC.US,LINCOLN NATIONAL,1.1082857142857137,60.16761904761905,-0.3998421052631578,68.311,-0.09880259877615773,71.45331797235026,0.028080253813890586,63.41359592403886
LOW.US,LOWE'S COS,2.3705714285714303,222.35190476190476,0.6816466165413533,217.09385714285727,-0.588277555337312,253.28488479262677,0.2527385464284995,181.39955812876315
LQD.US,ISHARES IBOXX $ INVESTMENT GRADE CORPORATE BOND ETF,0.23599999999999813,119.44000000000003,-0.2306992481203008,124.43114285714285,-0.2212694215708494,133.46952380952382,-0.020938770877309252,133.9702112088931
LRCX.US,LAM RESEARCH,7.293428571428582,477.59809523809525,-4.800947368421053,574.9009999999998,-3.826131802271413,723.4157296466974,-0.061690286272923216,619.2730338119505
LULU.US,LULULEMON ATHLETICA,2.018000000000003,292.48,-0.7755864661654123,314.6145714285714,-1.5258109843620151,381.7333640552996,0.13537041559644625,353.07091801760083
LUMN.US,LUMEN TECHNOLOGIES,0.045428571428571526,10.618095238095238,0.06312781954887221,9.799285714285714,-0.05265896099317569,13.302872503840247,-0.0072949118223742185,13.486424455766569
LUV.US,SOUTHWEST AIRLINES,0.5528571428571425,40.17285714285714,-0.2674060150375939,44.951857142857136,-0.00851930195663669,43.78548387096774,-0.08548997761004129,61.83948216767021
LVS.US,LAS VEGAS SANDS,-0.14914285714285813,35.98619047619048,-0.6983383458646616,47.090714285714284,0.04752209715192265,39.689124423963136,-0.09582070824034697,58.19316998610473
MA.US,MASTERCARD,5.0094285714285745,321.4914285714286,-2.440233082706767,367.79471428571435,-0.3655334793885825,371.201029185868,-0.09273975471736108,371.83161834182465
MAR.US,MARRIOTT INT INC/MD,2.2854285714285734,160.2680952380952,-0.5596992481203005,171.39414285714287,0.10985570748659047,161.14004608294928,0.10684286569503149,137.2747318202872
MAS.US,MASCO,0.6888571428571426,53.34285714285714,-0.10313533834586472,56.20928571428573,-0.2933237641963184,70.6931490015361,0.009231176781814163,59.997279759147744
MBB.US,ISHARES MBS ETF,-0.21571428571428483,103.41428571428571,-0.07859398496240601,104.49814285714287,-0.07755710004784569,107.64791090629802,-0.015436900775684832,109.41481519221864
MCD.US,MCDONALD'S,3.3585714285714263,222.14190476190473,-1.3445263157894738,250.129,-0.6346256704691396,272.3438248847927,0.12541748393982724,225.78468828161184
MCHP.US,MICROCHIP TECHNOLOGY,1.3848571428571437,68.00619047619047,0.035548872180450976,69.99128571428571,-0.3296409055425449,86.9225960061444,0.012708776753986913,75.0512176933766
MCK.US,MCKESSON,3.147714285714286,279.3157142857143,1.1532932330827066,266.88071428571425,0.809324872201657,237.20365591397854,0.35367447233476196,171.2595886984714
MCO.US,MOODY'S,2.1634285714285673,305.12142857142857,-0.746353383458646,325.6228571428572,-1.4677416836644757,390.98757296466977,0.12974555999611878,339.70482445576624
MDB.US,MONGODB,7.419714285714286,308.062380952381,-4.317947368421053,387.14900000000006,-3.16465714789353,506.5359139784947,0.6914820816254047,311.18962297359894
MDLZ.US,MONDELEZ INT,0.5962857142857156,59.17761904761904,-0.364984962406015,66.87285714285714,-0.06979678174813021,67.79815668202765,0.022811115891378502,59.3190513200556
MDT.US,MEDTRONIC,1.1148571428571437,102.8695238095238,0.21154887218045096,102.86228571428572,0.017130266173100595,104.04784946236559,-0.09407818361230774,130.9023075497917
MELI.US,MERCADOLIBRE,48.905999999999985,858.21,-0.41462406015037784,1013.7694285714289,-4.494641283271638,1236.361075268817,-1.9951675530502881,1687.5854867994458
MET.US,METLIFE,0.8582857142857137,63.55095238095239,-0.20658646616541354,68.09457142857144,0.06708644959834806,64.13563748079878,0.02511526087139595,59.31814784622509
MGC.US,VANGUARD MEGA CAP ETF,1.3582857142857165,146.50095238095238,-0.14724060150375912,152.2592857142857,-0.33295736697640455,168.3308448540707,0.07085447259106559,146.0642714219546
MGK.US,VANGUARD MEGA CAP GROWTH ETF,2.368857142857141,209.5995238095238,-0.4973684210526319,223.494,-0.8095802170683185,260.3512288786482,0.1095548773678342,221.44618990273275
MGM.US,MGM RESORTS INT,0.3634285714285714,39.75809523809524,-0.2234436090225563,43.91271428571429,-0.05117121200674877,44.90814132104457,0.017229893066435763,40.157111440481685
MGV.US,VANGUARD MEGA CAP VALUE ETF,0.7008571428571428,102.67619047619048,0.05298496240601509,103.57314285714287,-0.05348165495706484,107.38425499231953,0.043844458073291875,95.84480991199631
MKTX.US,MARKETAXESS HOLDINGS,2.766571428571428,340.6652380952381,-1.9491954887218048,380.6448571428571,-0.8076099821208234,396.71339477726576,-0.6378659568274732,509.6186262158406
MLM.US,MARTIN MARIETTA MATERIALS,2.5739999999999976,370.24666666666667,-0.15157894736842017,376.167,-1.239435672735514,433.0377880184333,0.25609097682831494,343.13445206113954
MMC.US,MARSH & MCLENNAN COS,2.1997142857142835,148.70238095238096,0.18032330827067672,151.52642857142857,-0.3382828435446098,168.809400921659,0.1628505548059687,129.24590088003703
MMM.US,3M,0.9508571428571404,141.93619047619052,-0.16245864661654116,147.46385714285714,-0.7027103321497821,184.6605683563748,-0.17920702565050792,206.22268087077356
MNST.US,MONSTER BEVERAGE,0.8059999999999998,73.38333333333333,-0.465157894736842,83.519,-0.34332628239026974,96.63354838709672,-0.04428520377059353,96.30912552107453
MO.US,ALTRIA GROUP,0.16285714285714334,50.71952380952381,-0.010075187969924902,51.65671428571429,0.07181158872856386,47.93023041474654,0.007614513013820265,46.85904363131077
MOS.US,MOSAIC,-0.5191428571428568,61.18285714285715,0.956887218045113,45.16957142857143,0.36444461232404113,34.354761904761894,0.06662364072079925,28.599979527559086
MPC.US,MARATHON PETROLEUM,-0.48885714285714327,77.80714285714285,-0.00022556390977401724,76.35214285714287,0.24287552567298734,65.63536098310288,0.0892606128953713,51.27220963408989
MPWR.US,MONOLITHIC POWER SYSTEMS,10.929428571428572,389.93476190476196,-2.5297518796992478,454.4081428571428,-1.0184520661781367,468.2690783410138,0.5646865973304145,362.22017693376574
MRK.US,MERCK,0.1625714285714281,77.86523809523808,0.17,75.43600000000002,-0.016115937649517728,78.6473425499232,0.015209739174372577,75.2734364983789
MRNA.US,MODERNA,6.720857142857143,135.45285714285717,0.3747819548872178,142.49357142857144,-2.117194731938254,246.0941167434716,0.0749652818333768,241.43187216303824
MS.US,MORGAN STANLEY,1.7528571428571427,83.56952380952382,-0.42041353383458635,93.44342857142856,-0.21909093198358132,104.20033794162826,0.07511105858919451,84.58598258452987
MSCI.US,MSCI,8.242857142857142,452.9861904761905,-3.043541353383459,523.5141428571428,-1.9675717055727642,594.7396466973888,0.4364647664798695,498.7473645206113
MSFT.US,MICROSOFT,2.9091428571428635,279.20380952380947,-0.27506766917293285,291.6321428571428,-0.8219042582659721,330.45388632872505,0.31813303992662423,249.03900509495134
MSI.US,MOTOROLA SOLUTIONS,1.8168571428571405,219.65285714285716,0.5887443609022555,214.1924285714286,-0.9247893530759739,265.67946236559135,0.2335831879420094,196.9373960166745
MTCH.US,MATCH GROUP,0.4568571428571435,89.45952380952382,-1.3718947368421053,113.41,-0.6595754324998111,134.5647926267281,-0.15727657182819602,160.0556831866605
MU.US,MICRON TECHNOLOGY,1.378857142857143,71.75952380952381,-1.0616315789473685,93.305,-0.21507567172823666,93.7999692780338,0.0011977368383474052,80.83819888837427
NEE.US,NEXTERA ENERGY,0.7137142857142866,79.20238095238095,0.4677894736842107,74.199,-0.23197099040568106,88.46963133640551,0.04257012450867497,74.53209578508567
NEM.US,NEWMONT,-0.9445714285714283,76.89476190476192,0.5183834586466165,66.77785714285714,0.2658673919065246,56.62620583717358,-0.006361135205692855,62.36627021769341
NET.US,CLOUDFLARE,1.8571428571428572,88.32714285714285,-0.6400977443609025,106.2164285714286,-0.5088678199994964,122.4625652841782,0.22687835643422966,87.94217137563682
NFLX.US,NETFLIX,3.929142857142855,340.3071428571428,-2.453827067669174,390.60185714285717,-4.8497819244038185,600.9198003072196,-0.15769287860175357,555.4523223714683
NKE.US,NIKE,0.46885714285714275,121.86619047619045,-1.1730751879699253,142.00271428571432,-0.7020427589332929,166.98133640553,0.05888012126826379,143.31977489578514
NLOK.US,NORTONLIFELOCK,-0.38400000000000045,28.753333333333337,-0.014308270676691725,28.246428571428567,0.05007655309611948,25.72024577572964,0.01662772803248466,23.485245947197765
NOC.US,NORTHROP GRUMMAN,-3.0931428571428583,444.96285714285716,2.7059248120300747,406.37771428571426,1.0115076427186425,371.32159754224256,0.27123129761070036,335.8377841593333
NOW.US,SERVICENOW,8.294857142857131,507.4528571428572,-2.0874436090225563,568.0687142857142,-1.289482007504217,610.2411367127497,0.4409065827943328,522.8231912922647
NSC.US,NORFOLK SOUTHERN,1.2174285714285686,266.79809523809524,0.5690150375939839,261.3008571428572,-0.48874745032862427,291.7347004608295,0.032006682203552746,266.2529263547937
NTES.US,NETEASE,1.777714285714284,76.38904761904762,-0.9944812030075186,97.8055714285714,-0.23627785752058622,103.18115207373276,-0.05694953014039954,107.8692297359889
NUE.US,NUCOR,0.28285714285714464,133.69619047619048,0.7847819548872184,122.67857142857142,0.41561809070534617,104.53671274961599,0.1560412220560316,84.76637989810098
NUGT.US,DIREXION DAILY GOLD MINERS INDEX BULL 2X SHARES,-1.1005714285714288,71.04142857142858,0.7599248120300754,56.91471428571428,0.3719558812419733,41.964377880184344,-0.06278570264743409,64.29613154238073
NVAX.US,NOVAVAX,0.6477142857142866,73.9157142857143,-0.3863609022556392,81.68742857142857,-1.7011631537861045,156.4485407066052,-0.42446415135099513,225.38235294117644
NVDA.US,NVIDIA,5.534571428571426,216.7019047619048,-0.4584210526315786,236.73799999999994,-1.1558427136058023,289.41529953917046,0.5873756808066972,143.15209448818896
NXPI.US,NXP SEMICONDUCTORS,2.3531428571428576,175.33380952380952,-0.48305263157894746,188.128,-0.9418871345471032,231.89788018433183,0.0258757988894727,201.16616025937924
ODFL.US,OLD DOMINION FREIGHT LINE,3.619142857142851,302.59047619047624,1.3528120300751874,292.55728571428574,-0.7659643423736494,340.1130414746544,0.40263818522335953,241.09500972672535
OEF.US,ISHARES S&P 100 ETF,1.7919999999999983,191.74,-0.1881879699248117,199.11228571428572,-0.4236418120923674,219.79559139784942,0.10923523004172253,187.11001111625748
OIH.US,VANECK OIL SERVICES ETF,-6.068285714285712,288.8957142857143,2.3794285714285732,236.9664285714286,1.4992022361562294,184.15207373271886,0.14149878713428674,189.9145372857804
OKE.US,ONEOK,-0.22028571428571533,66.19571428571429,0.2629097744360902,62.44985714285715,0.13434665457933564,58.009846390169,0.07005570138422304,47.61476479851784
OKTA.US,OKTA,-0.4279999999999997,156.35666666666665,-1.1158721804511271,176.0772857142857,-1.1462330336682534,225.454623655914,-0.23269591213909233,258.9544974525243
OMC.US,OMNICOM GROUP,1.8174285714285714,75.83476190476192,-0.24896992481202998,83.5257142857143,0.16322555463221772,73.43984639016898,-0.00812976766069784,76.85627781380265
ON.US,ON SEMICONDUCTOR,0.8874285714285707,55.2747619047619,-0.19325563909774443,60.77742857142856,-0.14997104076956014,66.01540706605222,0.12063349669642841,33.633543770264055
ORCL.US,ORACLE,0.848571428571427,76.66190476190475,0.2666466165413531,73.93185714285715,-0.2708987434212185,90.50950844854069,0.043487377958248176,79.04194905048628
ORLY.US,O'REILLY AUTOMOTIVE,6.484857142857144,671.0428571428572,2.137000000000001,648.772,-0.28992143234871953,678.2534101382486,0.7254833210368589,514.2665567392309
OXY.US,OCCIDENTAL PETROLEUM,-0.47257142857142936,57.38142857142857,1.1915187969924812,37.75857142857144,0.4496575256226235,25.77980030721966,0.06942867745461141,22.186536081519215
PANW.US,PALO ALTO NETWORKS,2.8562857142857054,539.7476190476191,2.4469473684210494,517.904,0.15889098738384777,523.2538248847926,1.003974113326511,319.2468809634091
PARA.US,PARAMOUNT GLOBAL,0.8151428571428574,32.953809523809525,0.43459398496240603,28.429857142857145,0.040336430711893426,31.574900153609832,-0.07552467637081287,48.532560537285754
PATH.US,UIPATH,0.17028571428571432,26.330952380952386,-0.5745563909774437,36.101285714285716,-0.2541215280400896,43.75038402457756,-0.20845507558702922,78.19567137210615
PAYX.US,PAYCHEX,0.8845714285714288,120.23190476190476,0.4664436090225563,115.29928571428572,-0.2238848178086676,129.96735791090632,0.12947282723116935,96.43445113478465
PBR.US,PETROLEO BRASILEIRO,-0.21885714285714292,14.007142857142856,-0.05862406015037594,14.539428571428568,0.06344942207448818,10.920921658986176,0.02026096827875589,8.033670977304318
PCAR.US,PACCAR,1.0102857142857131,85.32761904761905,-0.3578270676691729,92.87385714285715,0.01835687844677799,90.38995391705068,-0.0034022964811332994,88.73247318202877
PDD.US,PINDUODUO,1.4657142857142853,30.122380952380954,-1.3994962406015035,57.664714285714275,-0.3064906449094709,62.87231950844855,-0.3956995443286399,143.3444372394627
PEP.US,PEPSICO,1.5191428571428585,153.49714285714285,-0.6261729323308275,168.08414285714284,-0.24269371206970358,176.21941628264213,0.1335002370809205,139.20950347383047
PFE.US,PFIZER,0.9459999999999997,49.483333333333334,0.30055639097744374,46.026714285714284,-0.18615698421092397,58.53811059907834,0.07890090237209074,35.040287818434464
PFF.US,ISHARES PREFERRED & INCOME SECURITIES ETF,0.0911428571428583,35.217142857142846,-0.03547368421052636,36.11100000000002,-0.07299211805293243,39.481582181259604,-0.0054118463569175455,39.04371273737842
PFFD.US,GLOBAL X US PREFERRED ETF,0.031142857142857343,22.83047619047619,-0.03562406015037596,23.571428571428573,-0.053750849890458564,25.967142857142854,-0.005784807049083989,26.056278091709103
PG.US,PROCTER & GAMBLE,1.4654285714285695,143.58142857142857,-0.6838120300751882,158.89471428571426,-0.20994233335851537,164.20324116743473,0.12299020370651767,128.1697313571098
PGR.US,PROGRESSIVE,0.7899999999999989,104.50666666666667,0.08257142857142852,104.82857142857144,0.0371096169827,105.0352534562212,0.03434243931552266,94.07813811949977
PH.US,PARKER-HANNIFIN,3.3174285714285734,270.78809523809525,-1.2451052631578936,298.414,-0.6693978998262444,325.3788940092165,-0.015443652547384156,306.1904724409449
PINS.US,PINTEREST,0.2545714285714284,22.915238095238095,-0.07743609022556397,25.164142857142856,-0.2500805822064416,36.67600614439325,-0.22220801608122617,80.79714867994443
PLTR.US,PALANTIR TECHNOLOGIES,0.1062857142857143,11.174285714285714,0.012954887218045105,11.26842857142857,-0.14102339402180758,18.491858678955452,-0.041936454990324556,26.485985178323297
PLUG.US,PLUG POWER,-0.05342857142857156,24.395238095238096,0.15922556390977444,22.13785714285714,-0.0739580972526504,26.23975422427035,-0.015749020096040657,30.922408522464096
PM.US,PHILIP MORRIS INT,0.7134285714285702,89.90142857142858,-1.1535338345864663,110.31557142857143,0.058807886983455446,98.31152073732717,0.03119495923855833,92.4250935618342
PNC.US,PNC FINANCIAL SERVICES GROUP,2.0899999999999963,181.63666666666668,-0.9408270676691727,200.3208571428571,-0.34524539800055404,213.60933947772662,0.11715881858641193,178.78330708661403
PPG.US,PPG INDUSTRIES,1.765428571428573,119.46809523809523,-1.4219999999999997,143.66199999999995,-0.8681123618141069,177.8201689708142,-0.07878658872593264,169.56953496989343
PRU.US,PRUDENTIAL FINANCIAL,2.0145714285714282,105.0652380952381,-0.15516541353383445,110.96157142857142,0.012254790863992355,111.48284178187407,0.0752727053038389,95.50145159796197
PSX.US,PHILLIPS 66,-0.9725714285714275,80.70476190476191,-0.46625563909774453,86.54342857142856,0.129074815542293,78.544024577573,0.0012408566401880393,78.33432691060676
PTON.US,PELOTON INTERACTIVE,0.5534285714285713,21.044761904761902,-0.45427067669172944,29.653571428571432,-0.2310669587771651,37.26238095238095,-0.42014711832260204,133.31593330245488
PXD.US,PIONEER NATURAL RESOURCES,0.28885714285714,232.45619047619053,0.2545488721804511,231.19128571428573,1.0253980005540027,183.18052227342548,0.32604674613301793,133.30681889763778
PYPL.US,PAYPAL HOLDINGS,3.019714285714286,94.53904761904761,-0.20359398496240624,104.74714285714288,-1.9795442068948148,205.18674347158213,-0.6281511917206583,309.2816572487262
QCOM.US,QUALCOMM,-0.3471428571428573,150.17285714285714,-1.2740751879699246,171.4637142857143,-0.5327969580217069,188.14901689708148,0.1986205258985733,124.52477906438162
QQQ.US,INVESCO QQQ TRUST SERIES 1,3.53114285714286,322.2971428571428,-0.6673082706766919,342.6264285714285,-1.1961441414217726,397.3630414746544,0.1689810500030206,337.99720426123235
QYLD.US,GLOBAL X NASDAQ 100 COVERED CALL ETF,0.19371428571428564,19.319047619047616,-0.01111278195488723,19.97557142857143,-0.050904787086701424,22.451950844854075,-0.004431960704981627,22.48620602130616
RBLX.US,ROBLOX,0.9257142857142857,38.205714285714286,-0.6611203007518798,51.61714285714285,-1.1200966986477299,102.9542396313364,-0.01669235317917273,82.96044094488188
RCL.US,ROYAL CARIBBEAN CRUISES,1.3754285714285703,67.60809523809525,-0.8517142857142856,82.61728571428571,-0.09809196444310139,81.52003072196624,-0.040540423670012676,87.45926910606762
REGN.US,REGENERON PHARMACEUTICALS,11.144857142857141,631.8861904761904,3.2307443609022553,597.8694285714284,0.29839339225907163,613.6025499231952,0.6489121995067983,502.80646503010627
RH.US,RH,6.065999999999998,326.2333333333333,-3.517556390977443,400.8272857142857,-3.390714915262774,532.3839016897082,-0.9709830821251968,718.9132181565534
RMD.US,RESMED,4.074285714285719,235.8409523809524,0.7438120300751886,236.69328571428574,-0.17425977688801583,249.07411674347156,0.2015947179469342,218.01295321908302
ROK.US,ROCKWELL AUTOMATION,2.3237142857142854,256.92571428571426,0.008639097744362105,265.4144285714286,-1.6784226033089067,349.2028571428571,0.19077970514090303,272.9847531264472
ROKU.US,ROKU,2.270571428571429,102.99190476190476,-1.429323308270677,134.86957142857142,-2.059617738158193,226.28188940092164,-1.0284193201727485,425.89118573413646
ROP.US,ROPER TECHNOLOGIES,5.774285714285717,429.73761904761903,0.40106766917293274,440.1628571428572,-0.6091805796882477,470.69403993855605,0.10142347778487704,445.79910328855965
ROST.US,ROSS STORES,0.7282857142857138,87.20095238095237,-0.19572932330827067,91.93142857142854,-0.4236702676840171,111.29565284178187,-0.13268624216671823,130.7559119962945
RTX.US,RAYTHEON TECHNOLOGIES,-0.18800000000000117,97.74333333333335,0.1395864661654135,96.00742857142859,0.24982045277127246,84.54531490015361,0.05456412443910683,79.70244928207507
RWR.US,SPDR DOW JONES REIT ETF,0.31200000000000044,111.81666666666665,0.19803759398496226,109.52314285714284,-0.16932185036891542,119.70689708141323,0.08079230869217373,98.6270957850857
SBUX.US,STARBUCKS,0.5819999999999993,83.10666666666667,-0.5368947368421054,93.722,-0.5000261892170933,113.55337941628264,-0.06681424389493744,118.062395553497
SCHW.US,CHARLES SCHWAB,2.190285714285714,78.69761904761904,-0.01888721804511242,82.54542857142859,-0.09242653169147087,89.8459447004608,0.09489880763858247,64.47010792033345
SDY.US,SPDR S&P DIVIDEND ETF,0.5511428571428585,123.54047619047618,0.10546616541353376,123.45257142857142,-0.07632922867719273,128.59433179723501,0.028358045281540463,119.55361278369607
SE.US,SEA,4.095714285714284,89.28238095238095,-2.1953308270676697,133.19414285714285,-2.139872075747274,221.93545314900155,-0.36781802437448174,300.83354701250596
SGEN.US,SEAGEN,0.6442857142857138,138.0442857142857,1.1634962406015041,120.7452857142857,-0.38970877086953204,149.57926267281104,-0.018411632892551988,154.2207447892543
SHOP.US,SHOPIFY,22.74028571428572,517.0309523809524,-5.650654135338348,668.0007142857143,-15.013070685704214,1386.0294623655914,-1.2356222046877945,1427.957744326077
SHV.US,ISHARES SHORT TREASURY BOND ETF,0.0005714285714268336,110.2752380952381,-0.0009248120300752978,110.30128571428571,-0.0027055475812747254,110.41993855606762,-0.0008842660652073226,110.55701713756345
SHW.US,SHERWIN-WILLIAMS,2.4865714285714278,234.30190476190478,-1.6339624060150373,267.79814285714286,-1.915869910100476,349.6903225806452,0.1520978860437144,271.6870977304309
SHY.US,ISHARES 1-3Y TREASURY BOND ETF,-0.06942857142857081,84.18523809523809,-0.0306015037593982,84.6057142857143,-0.027247110372440868,85.6750691244239,-0.007182815935499344,86.70949235757298
SIVB.US,SVB FINANCIAL GROUP,6.264857142857139,522.7395238095237,-4.92451879699248,611.8254285714286,-2.6548432424265314,703.4430414746546,0.5502996300073044,539.0494590088006
SJM.US,J M SMUCKER,0.1862857142857154,128.6409523809524,-0.5264060150375938,137.72885714285715,-0.12557729596333503,140.47172043010752,0.03050929375516041,125.6064798517832
SJNK.US,SPDR BLOOMBERG SHORT TERM HIGH YIELD BOND ETF,0.04400000000000018,25.790000000000003,-0.035684210526315804,26.518999999999995,-0.02181083327037848,27.32539170506913,-0.002535314072720682,27.40803612783696
SLB.US,SCHLUMBERGER,-1.0514285714285712,43.37857142857142,0.07848872180451118,39.56585714285714,0.19717408274785322,31.196835637480813,0.04044819571350372,26.686921352478002
SLV.US,ISHARES SILVER TRUST,-0.16685714285714345,23.830476190476197,0.07750375939849626,22.403714285714287,0.04581954622144997,20.504116743471574,-0.01354614107321682,24.494531727651697
SMH.US,VANECK SEMICONDUCTOR ETF,3.3860000000000023,243.19666666666672,-0.9392481203007522,267.0108571428571,-1.0412514164840976,311.0558294930875,0.19552340510447133,242.0978837424735
SNAP.US,SNAP,0.578857142857143,29.536190476190477,-0.5165939849624059,39.61814285714286,-0.2175578555060311,44.52809523809523,-0.11062636596140432,71.0248652153775
SNOW.US,SNOWFLAKE,3.179714285714287,179.13238095238097,-5.98160902255639,284.90628571428573,-2.2639732064163587,346.48860215053776,0.3307264379095138,239.1210977304308
SNPS.US,SYNOPSYS,1.1925714285714322,290.87523809523805,-0.09424812030075147,300.4428571428572,-1.170340208002821,354.07247311827945,0.38281176507203074,249.56734321445117
SO.US,SOUTHERN,-0.0431428571428577,68.6995238095238,0.32856390977443567,63.21614285714287,-0.020901765253959887,67.88572964669737,0.024941856773832122,60.59817007874017
SOXL.US,DIREXION DAILY SEMICONDUCTORS BULL 3X SHARES,1.183714285714286,29.725714285714286,-0.47268421052631576,40.41799999999999,-0.648684747299237,68.34746543778803,0.0639138900127602,37.57915275590554
SOXS.US,DIREXION DAILY SEMICONDUCTORS BEAR 3X SHARES,-0.21971428571428572,5.404285714285714,0.02294736842105263,4.494999999999999,0.02367757044647578,3.557188940092167,-0.026824525334705165,9.936137100509493
SPAB.US,SPDR PORTFOLIO AGGREGATE BOND ETF,-0.03657142857142901,28.098095238095237,-0.03219548872180454,28.65085714285715,-0.027742690942056364,29.72663594470047,-0.004195243735663011,30.139182584529888
SPDW.US,SPDR PORTFOLIO DEVELOPED WORLD EX-US ETF,0.37657142857142856,31.965238095238096,-0.10935338345864662,34.38285714285715,-0.0663178968044119,37.00511520737327,-0.006138564735906501,37.11791032885595
SPEM.US,SPDR PORTFOLIO EMERGING MARKETS ETF,0.2882857142857136,36.26428571428571,-0.2763082706766917,41.34342857142857,-0.06410440432122083,42.61921658986174,-0.01748806778134365,45.134555534969884
SPGI.US,S&P GLOBAL,4.216857142857147,376.40952380952376,0.6366992481203011,380.7908571428572,-1.6472697741180025,467.1896313364055,0.2396744503658735,387.4392922649374
SPIB.US,SPDR PORTFOLIO INTERMEDIATE TERM CORPORATE BOND ETF,-0.018285714285713694,34.30904761904762,-0.04656390977443596,35.13085714285714,-0.031796731384251174,36.310122887864836,-0.005316527011663651,36.851662714219565
SPLB.US,SPDR PORTFOLIO LONG TERM CORPORATE BOND ETF,0.10257142857142856,27.055238095238096,-0.07176691729323308,28.67028571428572,-0.07561796479564854,31.838525345622116,-0.004479860570788332,31.46288346456695
SPLG.US,SPDR PORTFOLIO S&P 500 ETF,0.4454285714285711,49.18142857142858,-0.035270676691729334,50.84857142857143,-0.10004054292261588,55.76752688172043,0.0246675982695839,48.299749606299144
SPLK.US,SPLUNK,-0.9939999999999993,121.03666666666668,0.15430827067669195,118.45757142857141,0.11643675555891317,114.6525499231951,-0.0468911166969044,139.60719870310322
SPMD.US,SPDR PORTFOLIO S&P 400 MID CAP ETF,0.3799999999999997,44.81,-0.01136842105263147,45.86299999999999,-0.06586890282289537,49.00029185867896,0.0038645881657259663,46.842688652153775
SPOT.US,SPOTIFY TECHNOLOGY,1.7868571428571438,124.29619047619049,-1.6213684210526316,155.871,-2.1053214474578836,248.66036866359445,-0.3424577071437335,275.9841676702178
SPSB.US,SPDR PORTFOLIO SHORT TERM CORPORATE BOND ETF,-0.004571428571428372,30.191428571428574,-0.021872180451127834,30.564285714285713,-0.013367077132280726,31.051889400921663,-0.0031407784675601892,31.46593052339044
SPSM.US,SPDR PORTFOLIO S&P 600 SMALL CAP ETF,0.24542857142857152,40.84809523809524,0.015932330827067635,41.23414285714286,-0.05847775175644026,44.13792626728114,-0.00027633053657178714,43.1390817971283
SPTI.US,SPDR PORTFOLIO INTERMEDIATE TERM TREASURY ETF,-0.08142857142857136,31.03190476190476,-0.0239924812030075,31.362428571428566,-0.019244038175820294,32.040491551459304,-0.004326880582614922,32.66032283464569
SPTL.US,SPDR PORTFOLIO LONG TERM TREASURY ETF,-0.1642857142857141,38.47571428571429,-0.08487218045112772,39.833285714285715,-0.06484273878774141,42.159800307219655,0.0025697338286097197,40.65858221398797
SPTM.US,SPDR PORTFOLIO S&P 1500 COMPOSITE STOCK MARKET ETF,0.456,51.59666666666667,-0.036473684210526186,53.31000000000001,-0.10204678804361512,58.30210445468512,0.024116380552407682,50.919407781380244
SPTS.US,SPDR PORTFOLIO SHORT TERM TREASURY ETF,-0.026571428571428666,29.954761904761906,-0.011135338345864661,30.105285714285717,-0.009815164563974715,30.48920122887864,-0.0024646419895025342,30.829808707735054
SPXL.US,DIREXION DAILY S&P 500 BULL 3X,2.6465714285714275,94.7552380952381,-0.3083082706766917,106.28442857142855,-0.7547591347485582,142.7749923195084,0.13398387117443852,96.86750486336258
SPXS.US,DIREXION DAILY S&P 500 BEAR 3X SHARES,-0.5842857142857145,22.725714285714282,0.01480451127819553,21.061857142857146,0.08755004910478204,16.557788018433186,-0.04501874129253953,27.91258730893932
SPY.US,SPDR S&P 500 ETF TRUST,3.821999999999998,418.0133333333334,-0.30721804511278183,432.4055714285714,-0.8486250661025913,474.08419354838696,0.20905427596951437,410.7755396016678
SPYD.US,SPDR PORTFOLIO S&P 500 HIGH DIVIDEND ETF,0.11742857142857242,42.6347619047619,0.025345864661654116,42.517714285714284,0.0153086046687316,42.24728110599079,0.016958894745224974,38.408585641500686
SPYG.US,SPDR PORTFOLIO S&P 500 GROWTH ETF,0.6554285714285714,59.67142857142857,-0.08195488721804507,62.63557142857142,-0.201450983354738,72.1661904761905,0.03964755056048128,59.70447068087075
SPYV.US,SPDR PORTFOLIO S&P 500 VALUE ETF,0.2825714285714292,39.66523809523809,-0.004857142857142922,40.43014285714286,-0.02910125657878167,42.08500768049155,0.012478418313265356,38.48901157943494
SQ.US,BLOCK,4.172857142857141,98.35952380952382,0.47927819548872186,103.47385714285711,-1.0843353227065546,158.54545314900156,-0.5198826275522813,276.297987031033
SRE.US,SEMPRA ENERGY,0.12200000000000111,154.47333333333333,1.2958571428571437,134.79985714285715,0.36642819369947865,127.37248847926271,0.01994158838724558,130.0391607225567
SRLN.US,SPDR BLACKSTONE SENIOR LOAN ETF,0.05400000000000001,44.07333333333334,-0.06311278195488725,45.32257142857143,-0.021735539271234675,45.96164362519201,-0.0013225926217488358,45.75428828161187
STE.US,STERIS,2.27542857142857,217.56809523809522,-0.3671654135338345,234.1985714285714,-0.1522799728035053,236.50889400921662,0.1736078187273789,194.5763668364983
STT.US,STATE STREET,1.2099999999999995,81.61333333333334,-0.3872406015037596,88.90228571428571,-0.21305054015260252,99.60788018433179,0.055874268390247964,81.75329874942099
STZ.US,CONSTELLATION BRANDS,2.084000000000005,213.45,0.2008195488721805,214.66871428571426,-0.6631119840850144,253.92168970814132,-0.0009293718545586338,227.27992774432627
SUSA.US,ISHARES MSCI USA ESG SELECT ETF,0.8448571428571426,89.7195238095238,-0.11874436090225546,93.83857142857143,-0.25436805922792183,105.93645161290324,0.04110602624916016,91.92906012042612
SWK.US,STANLEY BLACK & DECKER,0.2868571428571418,146.86619047619047,-0.8803458646616538,163.85128571428572,-0.7194069653244693,193.5752995391705,-0.1751894468783126,211.92150440018526
SWKS.US,SKYWORKS SOLUTIONS,0.6562857142857143,126.54095238095239,-0.5409774436090227,138.3532857142857,-0.4940915615320692,158.2331797235023,-0.19349072821372806,191.12319129226486
SYF.US,SYNCHRONY FINANCIAL,0.5328571428571436,34.8695238095238,-0.46361654135338337,43.265857142857136,-0.18741154843746063,49.11476190476191,-0.0011479784045827074,46.11405391384902
SYK.US,STRYKER,3.7088571428571435,244.47619047619048,-0.041751879699248054,256.7151428571429,-0.19006144393241167,264.156712749616,0.03487118725365096,254.89777119036592
SYY.US,SYSCO,0.1902857142857142,78.22095238095238,-0.46635338345864646,86.78085714285713,0.10768653521694248,76.66168970814132,0.0023820902298861057,77.88561046780913
T.US,AT&T,0.005714285714285694,23.109047619047622,-0.04039097744360902,23.854714285714284,-0.04445972148774897,26.014731182795696,-0.025339036334710664,29.777203056970812
TDY.US,TELEDYNE TECHNOLOGIES,2.0405714285714325,420.2485714285714,0.5910225563909769,422.24428571428575,0.039331167686535204,423.53233486943157,0.02596499623782784,427.01082167670216
TEAM.US,ATLASSIAN,6.710571428571429,240.97523809523804,-2.980233082706768,306.0857142857143,-1.6314497242577628,361.76341013824896,0.5384897158141204,245.92290134321482
TECL.US,DIREXION DAILY TECHNOLOGY BULL 3X SHARES,1.4002857142857152,45.25095238095238,-0.4597518796992481,56.56414285714285,-0.6432152300370176,85.20870967741936,0.10647998359656333,47.64473089393236
TEL.US,TE CONNECTIVITY,0.7037142857142872,127.49571428571427,-0.9156917293233082,143.78857142857146,-0.5628359900279519,164.5016589861751,0.08573687496224101,132.68011208893014
TER.US,TERADYNE,2.507142857142858,105.44380952380952,-0.24544360902255652,115.59571428571427,-1.1182392787892521,167.33758832565292,0.04729524172184821,122.88333302454839
TFC.US,TRUIST FINANCIAL,0.3940000000000008,57.223333333333336,-0.24850375939849606,61.92328571428571,-0.018373498526856557,62.14281105990782,0.02607971740686565,55.46986456692911
TGT.US,TARGET,1.7628571428571425,209.27285714285713,1.0266165413533832,200.01614285714285,-0.3278927753015536,227.01314900153608,0.038459365794806966,225.8030004631774
TIP.US,ISHARES TIPS BOND ETF,-0.3628571428571417,127.87714285714287,0.16487969924812007,125.00014285714285,-0.02835159023948031,127.16488479262672,0.006368063094647465,126.40569986104674
TJX.US,TJX COS,0.13714285714285745,61.53047619047619,-0.25931578947368433,65.74699999999999,-0.2417916949963486,76.43254992319507,0.006513177122331913,67.6354689207966
TLT.US,ISHARES 20+Y TREASURY BOND ETF,-0.5614285714285708,134.28857142857146,-0.3229624060150377,139.58514285714284,-0.24159804588149372,148.2122887864824,0.013230704450713724,141.73883557202407
TMF.US,DIREXION DAILY 20Y PLUS TREASURY BULL 3X SHARES,-0.2720000000000002,20.72333333333333,-0.16151879699248128,23.364428571428576,-0.13109642164639523,28.170860215053757,0.0030752346551891556,25.593372579898105
TMO.US,THERMO FISHER SCIENTIFIC,8.085142857142857,528.0171428571429,0.7811353383458639,535.6347142857142,-2.0905585354183986,649.730906298003,0.6703991966709802,464.3624150069482
TMUS.US,T-MOBILE US,1.10942857142857,123.08809523809525,0.13363909774436078,122.75142857142858,0.23087381330110043,110.80367127496159,-0.1053687972216679,141.7548615099583
TNA.US,DIREXION DAILY SMALL CAP BULL 3X SHARES,1.0448571428571436,54.872857142857136,-0.07415037593984954,58.85542857142857,-0.48711289063483665,81.41984639016898,-0.11605472450098588,99.40383603520154
TOTL.US,SPDR DOUBLELINE TR TACTICAL ETF,-0.07171428571428545,45.28428571428571,-0.05566165413533843,46.17628571428572,-0.03876155221475158,47.59835637480799,-0.008644947979503029,48.77387725798978
TROW.US,T ROWE PRICE GROUP,2.0274285714285702,135.4947619047619,-0.15427067669172898,142.32357142857143,-1.1398970058673918,196.51540706605218,-0.07798901189432231,198.28001945345076
TRV.US,TRAVELERS COS,1.8682857142857163,172.54761904761904,0.47172180451127793,168.30014285714284,0.3471743345672482,156.3644086021506,0.07087159367808628,148.47864103751746
TSLA.US,TESLA,9.618857142857152,794.9095238095238,-0.7143308270676682,837.9611428571428,-4.720848127722797,1078.9590937019973,1.698746737162388,594.1092857804542
TSM.US,TAIWAN SEMICONDUCTOR MANUFACTURING,0.8080000000000004,101.13666666666668,-0.8960375939849626,116.34685714285712,-0.37550678653269887,130.49827956989253,0.008649770150505194,116.09907179249655
TT.US,TRANE TECHNOLOGIES,1.9148571428571433,147.72619047619045,0.04104511278195476,151.1315714285714,-0.9887167283624185,200.49795698924737,-0.02497655736534443,183.7760305697082
TTD.US,TRADE DESK,0.6805714285714284,56.94857142857143,-1.4418270676691731,84.90685714285713,-0.38030092417718026,87.77708141321045,0.06727936956613279,66.78651801760067
TTWO.US,TAKE-TWO INTERACTIVE SOFTWARE,-1.6268571428571443,153.19714285714286,-0.8034436090225566,164.2057142857143,-0.3429097731107252,174.5192319508449,-0.05724706761108472,176.4739981472903
TWLO.US,TWILIO,2.448285714285714,130.84761904761905,-1.9336315789473684,170.338,-2.2482979527083176,267.50953917050686,-0.7902333022717661,406.0545521074571
TWTR.US,TWITTER,0.6842857142857139,32.75428571428572,0.008135338345864619,34.151714285714284,-0.16963687643222278,42.52053763440859,-0.13359622647727043,71.92043446039835
TXN.US,TEXAS INSTRUMENTS,1.4888571428571424,169.10285714285715,0.4141578947368422,165.772,-0.3868054191533832,188.82127496159748,-0.02498043487414572,188.48719036591004
TXT.US,TEXTRON,1.2265714285714275,68.45857142857142,0.12075939849624052,69.51228571428572,-0.11915766412329079,75.98285714285714,0.054755469063228306,62.53496859657247
TZA.US,DIREXION DAILY SMALL CAP BEAR 3X SHARES,-0.7254285714285718,36.54523809523809,-0.066609022556391,35.72228571428572,0.13640452267633646,28.8657910906298,-0.0020643395511389844,31.154642890226963
U.US,UNITY SOFTWARE,2.2197142857142858,76.79904761904763,-1.2629248120300756,103.9712857142857,-0.9812590969756494,140.83227342549927,0.12228376480840385,102.89925335803613
UAA.US,UNDER ARMOUR,0.41714285714285726,15.067142857142857,-0.05127067669172934,16.685571428571432,-0.09419505930346757,21.347465437788017,-0.016501029791643397,23.57501806391847
UAL.US,UNITED AIRLINES HOLDINGS,1.522285714285714,33.85095238095238,-0.6186203007518796,46.171642857142864,-0.09847133036186448,46.402327188940085,-0.06353836591746655,56.72530013895323
UBER.US,UBER TECHNOLOGIES,0.5222857142857144,29.644285714285715,-0.2559323308270676,34.847857142857144,-0.2187363702752386,43.85403993855606,-0.08254486870843074,55.05231959240393
UL.US,UNILEVER,0.236571428571428,43.98190476190476,-0.4736240601503759,51.90242857142858,-0.13556218679962728,54.855453149001534,-0.035764356943175646,58.86251792496527
ULTA.US,ULTA BEAUTY,2.9874285714285715,367.464761904762,0.2969172932330828,368.05628571428576,-0.4327491123366324,389.3130414746543,0.3005116590721439,322.0205900880035
UNH.US,UNITEDHEALTH GROUP,3.830285714285711,484.6609523809524,1.9713834586466172,462.5708571428571,-0.022254790863992294,480.70167434715813,0.46915502163020134,370.53456692913386
UNP.US,UNION PACIFIC,0.8545714285714309,258.9752380952381,0.9868721804511271,244.5187142857143,0.17563949535393214,243.30589861751147,0.1586378739974406,208.89037980546541
UPS.US,UNITED PARCEL SERVICE,3.5408571428571407,202.1695238095238,0.19285714285714295,207.08985714285717,-0.0029767570698294847,211.46966205837168,0.10532634966781206,187.05708290875404
UPST.US,UPSTART HOLDINGS,1.3742857142857132,100.41761904761906,-1.9844323308270682,142.52535714285716,-0.3348718239278788,130.41738095238097,0.15825878618230155,152.0088068550255
URI.US,UNITED RENTALS,5.146285714285713,316.62428571428575,1.221571428571429,306.8925714285715,-0.19340837551308204,328.12508448540717,0.0497562295529149,327.6491440481704
USB.US,US BANCORP,0.8468571428571424,52.3695238095238,-0.1545112781954887,56.83385714285715,-0.052599027977134796,59.07588325652843,0.0053612878894672015,56.95662779064385
USIG.US,ISHARES BROAD USD INVESTMENT GRADE CORPORATE BOND ETF,0.045428571428571526,54.78809523809524,-0.10065413533834575,56.76971428571427,-0.08569288106569965,60.181858678955464,-0.008965111940640062,60.551500046317734
V.US,VISA,3.6768571428571404,195.21952380952382,-1.1323533834586468,219.30085714285707,-0.15510463095867655,220.35746543778802,-0.07353998612298554,232.0639499768412
VALE.US,VALE,-0.2162857142857143,18.85238095238095,0.08427067669172932,17.61942857142857,0.0989413512628743,13.338740399385562,-0.013400856054351037,18.26925947197777
VAW.US,VANGUARD MATERIALS ETF,1.4391428571428573,179.8338095238095,0.049601503759398216,181.7952857142857,-0.23287728840875319,193.731950844854,0.03809364238677328,178.99824085224645
VB.US,VANGUARD SMALL-CAP ETF,1.5385714285714291,200.77190476190478,-0.09508270676691749,206.1462857142857,-0.3715275364508575,223.42110599078342,-0.021897566396388315,222.75740435386754
VBK.US,VANGUARD SMALL-CAP GROWTH ETF,1.9425714285714264,228.92523809523811,-0.3261879699248121,239.87828571428568,-0.8017224446626878,275.5922119815669,-0.1206037160374716,291.00759055118124
VBR.US,VANGUARD SMALL-CAP VALUE ETF,1.1822857142857102,168.63761904761907,0.020210526315788915,170.84,-0.13626602200901516,177.89030721966208,0.026616062552748204,169.6552728114868
VCIT.US,VANGUARD INTERMEDIATE-TERM CORPORATE BOND ETF,-0.04771428571428495,86.35095238095238,-0.15048120300751888,89.09057142857141,-0.11524061343204656,93.45677419354841,-0.017169713690462017,95.20248846688277
VCLT.US,VANGUARD LONG-TERM CORPORATE BOND ETF,0.37171428571428666,91.08904761904762,-0.2326315789473685,96.44,-0.2536058019188638,107.12820276497696,-0.01206396534774004,105.28740657711899
VCR.US,VANGUARD CONSUMER DISCRETIONARY ETF,3.5077142857142802,275.652380952381,-0.7321052631578939,294.6339999999999,-1.0179622774546095,340.2539784946236,0.05947551109703479,307.16528485409896
VCSH.US,VANGUARD SHORT-TERM CORPORATE BOND ETF,-0.027999999999999303,78.36666666666666,-0.07981954887218026,79.74428571428574,-0.05219183601520986,81.65878648233486,-0.011380729257250189,83.11614256600284
VDC.US,VANGUARD CONSUMER STAPLES ETF,1.2157142857142844,185.33238095238096,-0.4081353383458645,195.7822857142857,-0.13292891138475493,199.15013824884787,0.07677292773883385,176.41590180639184
VDE.US,VANGUARD ENERGY ETF,-1.3679999999999994,106.71333333333334,0.6509097744360902,94.06985714285715,0.46868525093802715,77.06413210445469,0.11735848099782686,62.3537230199166
VEA.US,VANGUARD FTSE DEVELOPED MARKETS ETF,0.523428571428572,44.89476190476189,-0.15331578947368416,48.258,-0.09064213945758103,51.82603686635945,-0.007051646659722054,51.644588420565064
VEEV.US,VEEVA SYSTEMS,2.040857142857142,174.92952380952377,-2.888977443609023,228.37428571428572,-1.1510213794666464,261.1408294930876,-0.23881365073495087,308.66575358962484
VEU.US,VANGUARD FTSE ALL-WORLD EX-US ETF,0.5731428571428574,53.90047619047619,-0.25116541353383454,58.985571428571426,-0.10322555463221779,62.48241167434717,-0.012642383477931335,63.132474108383484
VFC.US,VF,0.8462857142857136,52.84095238095239,-0.246233082706767,58.27271428571428,-0.35880511697010903,75.16984639016894,-0.09181793869581693,85.9429613710051
VFH.US,VANGUARD FINANCIALS ETF,1.1311428571428581,88.63047619047619,-0.26027067669172926,94.89157142857142,-0.10413764448137791,99.01829493087557,0.044712484736199404,87.45447698008333
VGIT.US,VANGUARD INTERMEDIATE-TERM TREASURY ETF,-0.17142857142857162,64.37190476190476,-0.052533834586466044,65.08957142857142,-0.04317594621137724,66.61718894009215,-0.011032801381110782,68.38820055581286
VGK.US,VANGUARD FTSE EUROPE ETF,0.8891428571428575,57.66047619047618,-0.276421052631579,63.4,-0.15800433129359623,69.73864823348694,-0.0029349684288766456,66.95752153774897
VGLT.US,VANGUARD LONG-TERM TREASURY ETF,-0.3488571428571427,81.63380952380953,-0.18291729323308256,84.55671428571429,-0.1383699730553247,89.49786482334869,0.006272522962065204,86.1188919870311
VGSH.US,VANGUARD SHORT-TERM TREASURY ETF,-0.05257142857142806,59.8547619047619,-0.02208270676691733,60.15028571428572,-0.02090252071214522,60.972688172043,-0.005645930354962319,61.837926725335834
VGT.US,VANGUARD INFORMATION TECHNOLOGY ETF,3.9622857142857146,372.437619047619,-1.0520300751879694,400.34928571428566,-1.2729911107753515,455.82026113671276,0.25226137484965044,375.43566836498377
VHT.US,VANGUARD HEALTH CARE ETF,2.4948571428571436,238.18285714285713,0.4113233082706766,238.18142857142857,-0.37958600891440636,260.2612442396313,0.06797028341696763,239.02782213987962
VIG.US,VANGUARD DIVIDEND APPRECIATION ETF,1.4211428571428575,152.9504761904762,-0.03691729323308292,157.05871428571427,-0.2666500465865881,170.63443932411678,0.06392655800610368,150.43557387679488
VIS.US,VANGUARD INDUSTRIALS ETF,1.6888571428571457,184.53285714285715,0.22861654135338333,184.91714285714286,-0.2798773639545717,201.41609831029183,0.002624948968103011,195.0388494673461
VLO.US,VALERO ENERGY,-0.822285714285714,90.42904761904762,0.1866766917293232,84.45257142857145,0.2561252549671376,75.07188940092166,0.047276948228483766,68.74998573413616
VMBS.US,VANGUARD MORTGAGE-BACKED SECURITIES ETF,-0.09914285714285731,50.81285714285714,-0.04483458646616547,51.47042857142856,-0.038113872730477706,52.95215053763442,-0.007711902194508877,53.86416192681795
VMW.US,VMWARE,0.24342857142857133,111.26476190476191,-0.6138796992481204,121.94785714285713,-0.05292034952532045,122.73213517665131,-0.2027626975598057,168.09105604446515
VO.US,VANGUARD MID-CAP ETF,1.8565714285714299,220.94857142857143,-0.24007518796992455,229.6227142857143,-0.479099745662411,251.54883256528427,0.05730044102543449,231.30464381658163
VOE.US,VANGUARD MID-CAP VALUE ETF,0.9805714285714268,141.7652380952381,-0.007436090225563964,144.07014285714286,-0.1083306892296845,150.145376344086,0.04535140518502379,137.4817480314961
VONG.US,VANGUARD RUSSELL 1000 GROWTH ETF,0.6971428571428585,64.09380952380951,-0.12660150375939835,67.92171428571427,-0.22326786029059964,78.1127342549923,0.03485927718695704,66.49497072718853
VONV.US,VANGUARD RUSSELL 1000 VALUE,0.5068571428571431,69.26952380952382,0.005278195488721791,70.41985714285714,-0.05680466369519776,73.7136712749616,0.020108458571253353,67.86367762853173
VOO.US,VANGUARD S&P 500 ETF,3.507428571428576,384.28476190476187,-0.28480451127819617,397.54414285714284,-0.7855815768930525,436.06814132104455,0.19294238109796863,377.5376313107921
VOOG.US,VANGUARD S&P 500 GROWTH ETF,2.742571428571427,248.35857142857142,-0.33978195488721774,260.71842857142855,-0.8406146911435115,300.50826420890934,0.16433955480047668,248.71683371931454
VOOV.US,VANGUARD S&P 500 VALUE ETF,1.0014285714285693,143.01142857142858,-0.015458646616541269,145.6958571428571,-0.10754954546599167,151.81574500768048,0.045327114917424395,138.65867901806388
VOT.US,VANGUARD MID-CAP GROWTH ETF,2.047714285714284,202.41571428571427,-0.4672030075187969,215.8794285714286,-0.7548137795573016,248.50746543778806,0.038155140628346663,229.51156368689206
VOX.US,VANGUARD COMMUNICATION SERVICES ETF,0.8882857142857123,111.45761904761905,-0.2948796992481204,118.61085714285717,-0.42113822366598663,137.8034254992319,-0.055981487550047865,143.50496526169525
VPL.US,VANGUARD FTSE PACIFIC ETF,0.5931428571428565,70.00714285714285,-0.21037593984962386,74.73357142857141,-0.1208234494220745,78.98737327188942,-0.03366175271453079,84.32688494673465
VPU.US,VANGUARD UTILITIES ETF,0.42257142857143,153.29190476190476,0.7288120300751881,143.26028571428574,-0.05119362393291526,152.07866359447004,0.05190056881113529,138.67111347846225
VRSK.US,VERISK ANALYTICS,3.799428571428572,180.76476190476188,0.5327443609022553,180.56942857142855,-0.711896703684118,221.2188172043011,0.14255372583193426,176.96730801296914
VRSN.US,VERISIGN,0.9551428571428557,203.4904761904762,-0.17321804511278188,211.69357142857137,-0.761676109893984,246.32854070660525,0.057606837450364,213.27600277906447
VRTX.US,VERTEX PHARMACEUTICALS,2.3365714285714296,238.4252380952381,0.9988796992481199,227.11514285714287,0.36883961622724204,220.7266820276498,0.07839792796767649,197.4002408522464
VSS.US,VANGUARD FTSE ALL WORLD EX-US SMALL-CAP ETF,0.8471428571428573,117.66380952380953,-0.2920601503759399,123.75757142857142,-0.24679585001636814,134.21033794162827,-0.02902007773325011,136.8732839277443
VT.US,VANGUARD TOTAL WORLD STOCK ETF,0.9137142857142878,94.11238095238095,-0.2204962406015038,99.6827142857143,-0.1944186749263428,108.03331797235025,0.012687990157937992,101.46666215840666
VTI.US,VANGUARD TOTAL STOCK MARKET ETF,1.8765714285714288,210.8585714285714,-0.19818796992481172,218.76028571428571,-0.46591271939764795,240.98420890937024,0.07708468091104977,215.27748865215375
VTIP.US,VANGUARD SHORT-TERM INFLATION-PROTECTED SECURITIES ETF,-0.0568571428571419,51.993809523809524,0.04720300751879704,51.182571428571435,0.004318198987686044,51.16377880184332,0.004452977608210509,50.80900935618342
VTRS.US,VIATRIS,0.11028571428571457,9.880952380952381,-0.27927819548872185,14.162142857142857,-0.05774772732995896,15.331305683563746,-0.004941992980940157,14.49775266327004
VTV.US,VANGUARD VALUE ETF,0.9668571428571437,141.28285714285715,0.06774436090225543,142.54742857142855,-0.07328750220341973,147.69655913978494,0.05678776772294299,132.76965446966202
VTWO.US,VANGUARD RUSSELL 2000 ETF,0.5237142857142865,78.82238095238095,-0.005060150375939896,80.28657142857143,-0.17176877943139174,88.38620583717359,-0.028821901883282958,92.2225178323298
VUG.US,VANGUARD GROWTH ETF,2.959142857142857,257.07714285714286,-0.6132255639097755,274.5001428571429,-0.9932333610334666,319.30055299539174,0.12232199433568823,274.84075590551186
VV.US,VANGUARD LARGE-CAP ETF,1.7560000000000002,192.06666666666666,-0.19394736842105292,199.605,-0.4318093223540078,220.28082949308754,0.08556246029581109,193.10095507179244
VWO.US,VANGUARD FTSE EMERGING MARKETS ETF,0.3374285714285709,43.51142857142857,-0.31666165413533826,49.40228571428571,-0.0702963914280678,50.67403993855607,-0.01873010415083838,53.155921167207026
VWOB.US,VANGUARD EMERGING MARKETS GOVERNMENT BOND ETF,0.26685714285714174,68.28619047619048,-0.24008270676691734,72.33428571428571,-0.156436503739518,78.52599078341012,-0.021425472926091167,79.89206641963877
VXF.US,VANGUARD EXTENDED MARKET ETF,1.2022857142857137,153.52761904761905,-0.28792481203007536,161.39028571428568,-0.4501531061922389,180.8107987711214,-0.05872412751475118,188.18797220935616
VXUS.US,VANGUARD TOTAL INT STOCK ETF,0.5877142857142865,55.91238095238094,-0.24351879699248116,60.91742857142857,-0.1074261539623782,64.66198156682027,-0.013150213006680369,65.43606493747106
VYM.US,VANGUARD HIGH DIVIDEND YIELD ETF,0.6740000000000005,108.06333333333333,0.03188721804511291,109.18757142857146,-0.048822492508373,112.69473118279569,0.04503075388071258,100.94938916164882
VZ.US,VERIZON COMMUNICATIONS,-0.16399999999999945,53.13999999999999,-0.06151127819548868,54.084857142857146,0.009194177935584571,52.93909370199694,-0.017634598070033165,56.34895775822143
WAT.US,WATERS,2.9871428571428624,312.32047619047614,0.4159999999999998,313.102,-0.802254035405807,355.321490015361,0.08456677535163945,333.0532477999072
WBA.US,WALGREENS BOOTS ALLIANCE,-0.08199999999999992,47.946666666666665,0.12338345864661641,45.670857142857145,-0.1108725542041248,53.1541935483871,-0.013945809343002104,51.2882708661417
WDAY.US,WORKDAY,1.2125714285714317,223.37857142857138,0.4781954887218042,222.93314285714283,-0.8553697967817482,269.8950691244239,0.04890582486768309,245.29675961093102
WFC.US,WELLS FARGO,0.6282857142857143,48.51761904761904,-0.33894736842105266,54.505,0.01780337941628259,52.4584485407066,0.051636585522136444,41.15668846688283
WM.US,WASTE MANAGEMENT,0.8774285714285724,151.5847619047619,0.7971278195488714,141.56828571428568,-0.2749014127068068,161.0665898617511,0.10589517544903487,135.03087447892548
WMB.US,WILLIAMS COS,-0.19285714285714275,32.030476190476186,0.11501503759398492,30.384857142857143,0.11073606809196446,26.042872503840243,0.028780606231475183,22.914808429828636
WMT.US,WALMART,0.6705714285714277,142.47190476190477,0.527548872180451,134.66128571428573,-0.04816675480345496,141.61924731182796,0.013556686139645257,139.60980361278362
WTW.US,WILLIS TOWERS WATSON,2.2680000000000016,220.5366666666667,0.2998345864661657,220.2395714285714,-0.25066455138374755,236.4791397849462,-0.04748559481680692,238.5193293191291
WYNN.US,WYNN RESORTS,0.3740000000000001,71.95333333333333,-1.2046992481203007,92.38314285714284,-0.11975422427035333,88.7783102918587,-0.22590948451834128,130.3689671144047
XEL.US,XCEL ENERGY,-0.14114285714285668,70.22285714285715,0.2894135338345867,65.63157142857143,0.01944876734406086,67.59439324116744,-0.0027525900404044464,67.53385224641035
XLB.US,MATERIALS SELECT SECTOR SPDR FUND,0.6542857142857152,81.40761904761905,-0.003097744360902366,82.66942857142858,-0.1354518899045605,89.54499231950847,0.018519836258551838,81.73303992589163
XLC.US,COMMUNICATION SERVICES SELECT SECTOR SPDR FUND,0.4857142857142847,64.17904761904762,-0.13974436090225556,67.75757142857141,-0.2459439450026441,79.38967741935484,-0.026729614976923517,81.06465456229735
XLE.US,ENERGY SELECT SECTOR SPDR FUND,-1.0402857142857138,76.9557142857143,0.4403609022556391,68.08757142857141,0.34671375689355605,55.218940092165894,0.08470309010722646,44.491830754979176
XLF.US,FINANCIAL SELECT SECTOR SPDR FUND,0.5102857142857145,36.16428571428572,-0.09542857142857157,38.64557142857143,-0.036365238850696285,40.14720430107525,0.0187431576981731,35.38935275590551
XLI.US,INDUSTRIAL SELECT SECTOR SPDR FUND,0.8511428571428578,97.6004761904762,0.1263007518796994,97.71314285714286,-0.12158167762081036,105.36646697388633,0.006070889209065091,101.3737962945808
XLK.US,TECHNOLOGY SELECT SECTOR SPDR FUND,1.4811428571428589,143.14380952380952,-0.3593458646616544,152.96428571428572,-0.45852005741482227,173.30953917050687,0.11595130595887787,138.04180546549313
XLP.US,CONSUMER STAPLES SELECT SECTOR SPDR FUND,0.4720000000000003,71.57,-0.17225563909774438,75.85742857142857,-0.049263931908035546,76.97803379416284,0.03314921635144363,67.41120287169983
XLRE.US,REAL ESTATE SELECT SECTOR SPDR FUND,0.17371428571428588,45.785714285714285,0.10648120300751876,44.59842857142857,-0.09671526780992672,50.32917050691245,0.03049635993826742,41.676163223714674
XLU.US,UTILITIES SELECT SECTOR SPDR FUND,0.19199999999999998,70.39333333333335,0.3399548872180451,65.69542857142856,-0.019076830097454093,69.57023041474653,0.02469684361996022,63.36445558128755
XLV.US,HEALTH CARE SELECT SECTOR SPDR FUND,1.4017142857142875,128.38238095238097,0.2849624060150376,127.36985714285717,-0.15744403313943228,137.64688172043012,0.06234996073061199,120.86154886521534
XLY.US,CONSUMER DISCRETIONARY SELECT SECTOR SPDR FUND,2.0474285714285707,165.4514285714286,-0.4285413533834588,176.53214285714284,-0.6285543048525596,205.00316436251924,0.08617298302720298,172.6979759147754
XOM.US,EXXON MOBIL,-1.7294285714285702,85.2052380952381,0.26257894736842124,77.94,0.3814378887461913,62.589047619047626,0.09127972656056912,50.56047679481246
YUM.US,YUM! BRANDS,0.7757142857142862,114.51571428571427,-0.4980451127819548,124.0484285714286,-0.34631235677771904,136.3917204301075,0.05133999234750386,116.71442797591475
ZM.US,ZOOM VIDEO COMMUNICATIONS,2.0082857142857153,97.17761904761903,-1.6752180451127818,130.56557142857142,-1.565464732693712,195.43683563748078,-0.996367198985037,395.31647429365455
ZS.US,ZSCALER,1.624285714285718,198.8642857142857,-3.489834586466165,260.07442857142854,-1.5911291581677618,308.1292780337941,0.45338969878823293,190.79732515053269
ZTS.US,ZOETIS,1.3325714285714299,185.64857142857142,-0.18281203007518773,192.49271428571427,-0.879171766009418,232.53102918586794,0.1960527546239934,171.51121630384444
